0.2,1
0.2,2
0.2,3
0.2,4
0.2,5
0.2,6
0.2,7
0.2,8
0.2,9
0.2,10
0.2,11
0.2,12
0.2,13
0.2,14
0.2,15
0.2,16
0.2,17
0.2,18
0.2,19
0.2,20
0.2,21
0.2,22
0.2,23
0.2,24
0.2,25
0.2,26
0.2,27
0.2,28
0.2,29
0.2,30
0.2,31
0.2,32
0.2,33
0.2,34
0.2,35
0.2,36
0.2,37
0.2,38
0.2,39
0.2,40
0.2,41
0.2,42
0.2,43
0.2,44
0.2,45
0.2,46
0.2,47
0.2,48
0.2,49
0.2,50
0.2,51
0.2,52
0.2,53
0.2,54
0.2,55
0.2,56
0.2,57
0.2,58
0.2,59
0.2,60
0.2,61
0.2,62
0.2,63
0.2,64
0.2,65
0.2,66
0.2,67
0.2,68
0.2,69
0.2,70
0.2,71
0.2,72
0.2,73
0.2,74
0.2,75
0.2,76
0.2,77
0.2,78
0.2,79
0.2,80
0.2,81
0.2,82
0.2,83
0.2,84
0.2,85
0.2,86
0.2,87
0.2,88
0.2,89
0.2,90
0.2,91
0.2,92
0.2,93
0.2,94
0.2,95
0.2,96
0.2,97
0.2,98
0.2,99
0.2,100
0.2,101
0.2,102
0.2,103
0.2,104
0.2,105
0.2,106
0.2,107
0.2,108
0.2,109
0.2,110
0.2,111
0.2,112
0.2,113
0.2,114
0.2,115
0.2,116
0.2,117
0.2,118
0.2,119
0.2,120
0.2,121
0.2,122
0.2,123
0.2,124
0.2,125
0.2,126
0.2,127
0.2,128
0.2,129
0.2,130
0.2,131
0.2,132
0.2,133
0.2,134
0.2,135
0.2,136
0.2,137
0.2,138
0.2,139
0.2,140
0.2,141
0.2,142
0.2,143
0.2,144
0.2,145
0.2,146
0.2,147
0.2,148
0.2,149
0.2,150
0.2,151
0.2,152
0.2,153
0.2,154
0.2,155
0.2,156
0.2,157
0.2,158
0.2,159
0.2,160
0.2,161
0.2,162
0.2,163
0.2,164
0.2,165
0.2,166
0.2,167
0.2,168
0.2,169
0.2,170
0.2,171
0.2,172
0.2,173
0.2,174
0.2,175
0.2,176
0.2,177
0.2,178
0.2,179
0.2,180
0.2,181
0.2,182
0.2,183
0.2,184
0.2,185
0.2,186
0.2,187
0.2,188
0.2,189
0.2,190
0.2,191
0.2,192
0.2,193
0.2,194
0.2,195
0.2,196
0.2,197
0.2,198
0.2,199
0.2,200
0.2,201
0.2,202
0.2,203
0.2,204
0.2,205
0.2,206
0.2,207
0.2,208
0.2,209
0.2,210
0.2,211
0.2,212
0.2,213
0.2,214
0.2,215
0.2,216
0.2,217
0.2,218
0.2,219
0.2,220
0.2,221
0.2,222
0.2,223
0.2,224
0.2,225
0.2,226
0.2,227
0.2,228
0.2,229
0.2,230
0.2,231
0.2,232
0.2,233
0.2,234
0.2,235
0.2,236
0.2,237
0.2,238
0.2,239
0.2,240
0.2,241
0.2,242
0.2,243
0.2,244
0.2,245
0.2,246
0.2,247
0.2,248
0.2,249
0.2,250
0.2,251
0.2,252
0.2,253
0.2,254
0.2,255
0.2,256
0.2,257
0.2,258
0.2,259
0.2,260
0.2,261
0.2,262
0.2,263
0.2,264
0.2,265
0.2,266
0.2,267
0.2,268
0.2,269
0.2,270
0.2,271
0.2,272
0.2,273
0.2,274
0.2,275
0.2,276
0.2,277
0.2,278
0.2,279
0.2,280
0.2,281
0.2,282
0.2,283
0.2,284
0.2,285
0.2,286
0.2,287
0.2,288
0.2,289
0.2,290
0.2,291
0.2,292
0.2,293
0.2,294
0.2,295
0.2,296
0.2,297
0.2,298
0.2,299
0.2,300
0.2,301
0.2,302
0.2,303
0.2,304
0.2,305
0.2,306
0.2,307
0.2,308
0.2,309
0.2,310
0.2,311
0.2,312
0.2,313
0.2,314
0.2,315
0.2,316
0.2,317
0.2,318
0.2,319
0.2,320
0.2,321
0.2,322
0.2,323
0.2,324
0.2,325
0.2,326
0.2,327
0.2,328
0.2,329
0.2,330
0.2,331
0.2,332
0.2,333
0.2,334
0.2,335
0.2,336
0.2,337
0.2,338
0.2,339
0.2,340
0.2,341
0.2,342
0.2,343
0.2,344
0.2,345
0.2,346
0.2,347
0.2,348
0.2,349
0.2,350
0.2,351
0.2,352
0.2,353
0.2,354
0.2,355
0.2,356
0.2,357
0.2,358
0.2,359
0.2,360
0.2,361
0.2,362
0.2,363
0.2,364
0.2,365
0.2,366
0.2,367
0.2,368
0.2,369
0.2,370
0.2,371
0.2,372
0.2,373
0.2,374
0.2,375
0.2,376
0.2,377
0.2,378
0.2,379
0.2,380
0.2,381
0.2,382
0.2,383
0.2,384
0.2,385
0.2,386
0.2,387
0.2,388
0.2,389
0.2,390
0.2,391
0.2,392
0.2,393
0.2,394
0.2,395
0.2,396
0.2,397
0.2,398
0.2,399
0.2,400
0.2,401
0.2,402
0.2,403
0.2,404
0.2,405
0.2,406
0.2,407
0.2,408
0.2,409
0.2,410
0.2,411
0.2,412
0.2,413
0.2,414
0.2,415
0.2,416
0.2,417
0.2,418
0.2,419
0.2,420
0.2,421
0.2,422
0.2,423
0.2,424
0.2,425
0.2,426
0.2,427
0.2,428
0.2,429
0.2,430
0.2,431
0.2,432
0.2,433
0.2,434
0.2,435
0.2,436
0.2,437
0.2,438
0.2,439
0.2,440
0.2,441
0.2,442
0.2,443
0.2,444
0.2,445
0.2,446
0.2,447
0.2,448
0.2,449
0.2,450
0.2,451
0.2,452
0.2,453
0.2,454
0.2,455
0.2,456
0.2,457
0.2,458
0.2,459
0.2,460
0.2,461
0.2,462
0.2,463
0.2,464
0.2,465
0.2,466
0.2,467
0.2,468
0.2,469
0.2,470
0.2,471
0.2,472
0.2,473
0.2,474
0.2,475
0.2,476
0.2,477
0.2,478
0.2,479
0.2,480
0.2,481
0.2,482
0.2,483
0.2,484
0.2,485
0.2,486
0.2,487
0.2,488
0.2,489
0.2,490
0.2,491
0.2,492
0.2,493
0.2,494
0.2,495
0.2,496
0.2,497
0.2,498
0.2,499
0.2,500
0.2,501
0.2,502
0.2,503
0.2,504
0.2,505
0.2,506
0.2,507
0.2,508
0.2,509
0.2,510
0.2,511
0.2,512
0.2,513
0.2,514
0.2,515
0.2,516
0.2,517
0.2,518
0.2,519
0.2,520
0.2,521
0.2,522
0.2,523
0.2,524
0.2,525
0.2,526
0.2,527
0.2,528
0.2,529
0.2,530
0.2,531
0.2,532
0.2,533
0.2,534
0.2,535
0.2,536
0.2,537
0.2,538
0.2,539
0.2,540
0.2,541
0.2,542
0.2,543
0.2,544
0.2,545
0.2,546
0.2,547
0.2,548
0.2,549
0.2,550
0.2,551
0.2,552
0.2,553
0.2,554
0.2,555
0.2,556
0.2,557
0.2,558
0.2,559
0.2,560
0.2,561
0.2,562
0.2,563
0.2,564
0.2,565
0.2,566
0.2,567
0.2,568
0.2,569
0.2,570
0.2,571
0.2,572
0.2,573
0.2,574
0.2,575
0.2,576
0.2,577
0.2,578
0.2,579
0.2,580
0.2,581
0.2,582
0.2,583
0.2,584
0.2,585
0.2,586
0.2,587
0.2,588
0.2,589
0.2,590
0.2,591
0.2,592
0.2,593
0.2,594
0.2,595
0.2,596
0.2,597
0.2,598
0.2,599
0.2,600
0.2,601
0.2,602
0.2,603
0.2,604
0.2,605
0.2,606
0.2,607
0.2,608
0.2,609
0.2,610
0.2,611
0.2,612
0.2,613
0.2,614
0.2,615
0.2,616
0.2,617
0.2,618
0.2,619
0.2,620
0.2,621
0.2,622
0.2,623
0.2,624
0.2,625
0.2,626
0.2,627
0.2,628
0.2,629
0.2,630
0.2,631
0.2,632
0.2,633
0.2,634
0.2,635
0.2,636
0.2,637
0.2,638
0.2,639
0.2,640
0.2,641
0.2,642
0.2,643
0.2,644
0.2,645
0.2,646
0.2,647
0.2,648
0.2,649
0.2,650
0.2,651
0.2,652
0.2,653
0.2,654
0.2,655
0.2,656
0.2,657
0.2,658
0.2,659
0.2,660
0.2,661
0.2,662
0.2,663
0.2,664
0.2,665
0.2,666
0.2,667
0.2,668
0.2,669
0.2,670
0.2,671
0.2,672
0.2,673
0.2,674
0.2,675
0.2,676
0.2,677
0.2,678
0.2,679
0.2,680
0.2,681
0.2,682
0.2,683
0.2,684
0.2,685
0.2,686
0.2,687
0.2,688
0.2,689
0.2,690
0.2,691
0.2,692
0.2,693
0.2,694
0.2,695
0.2,696
0.2,697
0.2,698
0.2,699
0.2,700
0.2,701
0.2,702
0.2,703
0.2,704
0.2,705
0.2,706
0.2,707
0.2,708
0.2,709
0.2,710
0.2,711
0.2,712
0.2,713
0.2,714
0.2,715
0.2,716
0.2,717
0.2,718
0.2,719
0.2,720
0.2,721
0.2,722
0.2,723
0.2,724
0.2,725
0.2,726
0.2,727
0.2,728
0.2,729
0.2,730
0.2,731
0.2,732
0.2,733
0.2,734
0.2,735
0.2,736
0.2,737
0.2,738
0.2,739
0.2,740
0.2,741
0.2,742
0.2,743
0.2,744
0.2,745
0.2,746
0.2,747
0.2,748
0.2,749
0.2,750
0.2,751
0.2,752
0.2,753
0.2,754
0.2,755
0.2,756
0.2,757
0.2,758
0.2,759
0.2,760
0.2,761
0.2,762
0.2,763
0.2,764
0.2,765
0.2,766
0.2,767
0.2,768
0.2,769
0.2,770
0.2,771
0.2,772
0.2,773
0.2,774
0.2,775
0.2,776
0.2,777
0.2,778
0.2,779
0.2,780
0.2,781
0.2,782
0.2,783
0.2,784
0.2,785
0.2,786
0.2,787
0.2,788
0.2,789
0.2,790
0.2,791
0.2,792
0.2,793
0.2,794
0.2,795
0.2,796
0.2,797
0.2,798
0.2,799
0.2,800
0.2,801
0.2,802
0.2,803
0.2,804
0.2,805
0.2,806
0.2,807
0.2,808
0.2,809
0.2,810
0.2,811
0.2,812
0.2,813
0.2,814
0.2,815
0.2,816
0.2,817
0.2,818
0.2,819
0.2,820
0.2,821
0.2,822
0.2,823
0.2,824
0.2,825
0.2,826
0.2,827
0.2,828
0.2,829
0.2,830
0.2,831
0.2,832
0.2,833
0.2,834
0.2,835
0.2,836
0.2,837
0.2,838
0.2,839
0.2,840
0.2,841
0.2,842
0.2,843
0.2,844
0.2,845
0.2,846
0.2,847
0.2,848
0.2,849
0.2,850
0.2,851
0.2,852
0.2,853
0.2,854
0.2,855
0.2,856
0.2,857
0.2,858
0.2,859
0.2,860
0.2,861
0.2,862
0.2,863
0.2,864
0.2,865
0.2,866
0.2,867
0.2,868
0.2,869
0.2,870
0.2,871
0.2,872
0.2,873
0.2,874
0.2,875
0.2,876
0.2,877
0.2,878
0.2,879
0.2,880
0.2,881
0.2,882
0.2,883
0.2,884
0.2,885
0.2,886
0.2,887
0.2,888
0.2,889
0.2,890
0.2,891
0.2,892
0.2,893
0.2,894
0.2,895
0.2,896
0.2,897
0.2,898
0.2,899
0.2,900
0.2,901
0.2,902
0.2,903
0.2,904
0.2,905
0.2,906
0.2,907
0.2,908
0.2,909
0.2,910
0.2,911
0.2,912
0.2,913
0.2,914
0.2,915
0.2,916
0.2,917
0.2,918
0.2,919
0.2,920
0.2,921
0.2,922
0.2,923
0.2,924
0.2,925
0.2,926
0.2,927
0.2,928
0.2,929
0.2,930
0.2,931
0.2,932
0.2,933
0.2,934
0.2,935
0.2,936
0.2,937
0.2,938
0.2,939
0.2,940
0.2,941
0.2,942
0.2,943
0.2,944
0.2,945
0.2,946
0.2,947
0.2,948
0.2,949
0.2,950
0.2,951
0.2,952
0.2,953
0.2,954
0.2,955
0.2,956
0.2,957
0.2,958
0.2,959
0.2,960
0.2,961
0.2,962
0.2,963
0.2,964
0.2,965
0.2,966
0.2,967
0.2,968
0.2,969
0.2,970
0.2,971
0.2,972
0.2,973
0.2,974
0.2,975
0.2,976
0.2,977
0.2,978
0.2,979
0.2,980
0.2,981
0.2,982
0.2,983
0.2,984
0.2,985
0.2,986
0.2,987
0.2,988
0.2,989
0.2,990
0.2,991
0.2,992
0.2,993
0.2,994
0.2,995
0.2,996
0.2,997
0.2,998
0.2,999
0.2,1000
0.25,1001
0.25,1002
0.25,1003
0.25,1004
0.25,1005
0.25,1006
0.25,1007
0.25,1008
0.25,1009
0.25,1010
0.25,1011
0.25,1012
0.25,1013
0.25,1014
0.25,1015
0.25,1016
0.25,1017
0.25,1018
0.25,1019
0.25,1020
0.25,1021
0.25,1022
0.25,1023
0.25,1024
0.25,1025
0.25,1026
0.25,1027
0.25,1028
0.25,1029
0.25,1030
0.25,1031
0.25,1032
0.25,1033
0.25,1034
0.25,1035
0.25,1036
0.25,1037
0.25,1038
0.25,1039
0.25,1040
0.25,1041
0.25,1042
0.25,1043
0.25,1044
0.25,1045
0.25,1046
0.25,1047
0.25,1048
0.25,1049
0.25,1050
0.25,1051
0.25,1052
0.25,1053
0.25,1054
0.25,1055
0.25,1056
0.25,1057
0.25,1058
0.25,1059
0.25,1060
0.25,1061
0.25,1062
0.25,1063
0.25,1064
0.25,1065
0.25,1066
0.25,1067
0.25,1068
0.25,1069
0.25,1070
0.25,1071
0.25,1072
0.25,1073
0.25,1074
0.25,1075
0.25,1076
0.25,1077
0.25,1078
0.25,1079
0.25,1080
0.25,1081
0.25,1082
0.25,1083
0.25,1084
0.25,1085
0.25,1086
0.25,1087
0.25,1088
0.25,1089
0.25,1090
0.25,1091
0.25,1092
0.25,1093
0.25,1094
0.25,1095
0.25,1096
0.25,1097
0.25,1098
0.25,1099
0.25,1100
0.25,1101
0.25,1102
0.25,1103
0.25,1104
0.25,1105
0.25,1106
0.25,1107
0.25,1108
0.25,1109
0.25,1110
0.25,1111
0.25,1112
0.25,1113
0.25,1114
0.25,1115
0.25,1116
0.25,1117
0.25,1118
0.25,1119
0.25,1120
0.25,1121
0.25,1122
0.25,1123
0.25,1124
0.25,1125
0.25,1126
0.25,1127
0.25,1128
0.25,1129
0.25,1130
0.25,1131
0.25,1132
0.25,1133
0.25,1134
0.25,1135
0.25,1136
0.25,1137
0.25,1138
0.25,1139
0.25,1140
0.25,1141
0.25,1142
0.25,1143
0.25,1144
0.25,1145
0.25,1146
0.25,1147
0.25,1148
0.25,1149
0.25,1150
0.25,1151
0.25,1152
0.25,1153
0.25,1154
0.25,1155
0.25,1156
0.25,1157
0.25,1158
0.25,1159
0.25,1160
0.25,1161
0.25,1162
0.25,1163
0.25,1164
0.25,1165
0.25,1166
0.25,1167
0.25,1168
0.25,1169
0.25,1170
0.25,1171
0.25,1172
0.25,1173
0.25,1174
0.25,1175
0.25,1176
0.25,1177
0.25,1178
0.25,1179
0.25,1180
0.25,1181
0.25,1182
0.25,1183
0.25,1184
0.25,1185
0.25,1186
0.25,1187
0.25,1188
0.25,1189
0.25,1190
0.25,1191
0.25,1192
0.25,1193
0.25,1194
0.25,1195
0.25,1196
0.25,1197
0.25,1198
0.25,1199
0.25,1200
0.25,1201
0.25,1202
0.25,1203
0.25,1204
0.25,1205
0.25,1206
0.25,1207
0.25,1208
0.25,1209
0.25,1210
0.25,1211
0.25,1212
0.25,1213
0.25,1214
0.25,1215
0.25,1216
0.25,1217
0.25,1218
0.25,1219
0.25,1220
0.25,1221
0.25,1222
0.25,1223
0.25,1224
0.25,1225
0.25,1226
0.25,1227
0.25,1228
0.25,1229
0.25,1230
0.25,1231
0.25,1232
0.25,1233
0.25,1234
0.25,1235
0.25,1236
0.25,1237
0.25,1238
0.25,1239
0.25,1240
0.25,1241
0.25,1242
0.25,1243
0.25,1244
0.25,1245
0.25,1246
0.25,1247
0.25,1248
0.25,1249
0.25,1250
0.25,1251
0.25,1252
0.25,1253
0.25,1254
0.25,1255
0.25,1256
0.25,1257
0.25,1258
0.25,1259
0.25,1260
0.25,1261
0.25,1262
0.25,1263
0.25,1264
0.25,1265
0.25,1266
0.25,1267
0.25,1268
0.25,1269
0.25,1270
0.25,1271
0.25,1272
0.25,1273
0.25,1274
0.25,1275
0.25,1276
0.25,1277
0.25,1278
0.25,1279
0.25,1280
0.25,1281
0.25,1282
0.25,1283
0.25,1284
0.25,1285
0.25,1286
0.25,1287
0.25,1288
0.25,1289
0.25,1290
0.25,1291
0.25,1292
0.25,1293
0.25,1294
0.25,1295
0.25,1296
0.25,1297
0.25,1298
0.25,1299
0.25,1300
0.25,1301
0.25,1302
0.25,1303
0.25,1304
0.25,1305
0.25,1306
0.25,1307
0.25,1308
0.25,1309
0.25,1310
0.25,1311
0.25,1312
0.25,1313
0.25,1314
0.25,1315
0.25,1316
0.25,1317
0.25,1318
0.25,1319
0.25,1320
0.25,1321
0.25,1322
0.25,1323
0.25,1324
0.25,1325
0.25,1326
0.25,1327
0.25,1328
0.25,1329
0.25,1330
0.25,1331
0.25,1332
0.25,1333
0.25,1334
0.25,1335
0.25,1336
0.25,1337
0.25,1338
0.25,1339
0.25,1340
0.25,1341
0.25,1342
0.25,1343
0.25,1344
0.25,1345
0.25,1346
0.25,1347
0.25,1348
0.25,1349
0.25,1350
0.25,1351
0.25,1352
0.25,1353
0.25,1354
0.25,1355
0.25,1356
0.25,1357
0.25,1358
0.25,1359
0.25,1360
0.25,1361
0.25,1362
0.25,1363
0.25,1364
0.25,1365
0.25,1366
0.25,1367
0.25,1368
0.25,1369
0.25,1370
0.25,1371
0.25,1372
0.25,1373
0.25,1374
0.25,1375
0.25,1376
0.25,1377
0.25,1378
0.25,1379
0.25,1380
0.25,1381
0.25,1382
0.25,1383
0.25,1384
0.25,1385
0.25,1386
0.25,1387
0.25,1388
0.25,1389
0.25,1390
0.25,1391
0.25,1392
0.25,1393
0.25,1394
0.25,1395
0.25,1396
0.25,1397
0.25,1398
0.25,1399
0.25,1400
0.25,1401
0.25,1402
0.25,1403
0.25,1404
0.25,1405
0.25,1406
0.25,1407
0.25,1408
0.25,1409
0.25,1410
0.25,1411
0.25,1412
0.25,1413
0.25,1414
0.25,1415
0.25,1416
0.25,1417
0.25,1418
0.25,1419
0.25,1420
0.25,1421
0.25,1422
0.25,1423
0.25,1424
0.25,1425
0.25,1426
0.25,1427
0.25,1428
0.25,1429
0.25,1430
0.25,1431
0.25,1432
0.25,1433
0.25,1434
0.25,1435
0.25,1436
0.25,1437
0.25,1438
0.25,1439
0.25,1440
0.25,1441
0.25,1442
0.25,1443
0.25,1444
0.25,1445
0.25,1446
0.25,1447
0.25,1448
0.25,1449
0.25,1450
0.25,1451
0.25,1452
0.25,1453
0.25,1454
0.25,1455
0.25,1456
0.25,1457
0.25,1458
0.25,1459
0.25,1460
0.25,1461
0.25,1462
0.25,1463
0.25,1464
0.25,1465
0.25,1466
0.25,1467
0.25,1468
0.25,1469
0.25,1470
0.25,1471
0.25,1472
0.25,1473
0.25,1474
0.25,1475
0.25,1476
0.25,1477
0.25,1478
0.25,1479
0.25,1480
0.25,1481
0.25,1482
0.25,1483
0.25,1484
0.25,1485
0.25,1486
0.25,1487
0.25,1488
0.25,1489
0.25,1490
0.25,1491
0.25,1492
0.25,1493
0.25,1494
0.25,1495
0.25,1496
0.25,1497
0.25,1498
0.25,1499
0.25,1500
0.25,1501
0.25,1502
0.25,1503
0.25,1504
0.25,1505
0.25,1506
0.25,1507
0.25,1508
0.25,1509
0.25,1510
0.25,1511
0.25,1512
0.25,1513
0.25,1514
0.25,1515
0.25,1516
0.25,1517
0.25,1518
0.25,1519
0.25,1520
0.25,1521
0.25,1522
0.25,1523
0.25,1524
0.25,1525
0.25,1526
0.25,1527
0.25,1528
0.25,1529
0.25,1530
0.25,1531
0.25,1532
0.25,1533
0.25,1534
0.25,1535
0.25,1536
0.25,1537
0.25,1538
0.25,1539
0.25,1540
0.25,1541
0.25,1542
0.25,1543
0.25,1544
0.25,1545
0.25,1546
0.25,1547
0.25,1548
0.25,1549
0.25,1550
0.25,1551
0.25,1552
0.25,1553
0.25,1554
0.25,1555
0.25,1556
0.25,1557
0.25,1558
0.25,1559
0.25,1560
0.25,1561
0.25,1562
0.25,1563
0.25,1564
0.25,1565
0.25,1566
0.25,1567
0.25,1568
0.25,1569
0.25,1570
0.25,1571
0.25,1572
0.25,1573
0.25,1574
0.25,1575
0.25,1576
0.25,1577
0.25,1578
0.25,1579
0.25,1580
0.25,1581
0.25,1582
0.25,1583
0.25,1584
0.25,1585
0.25,1586
0.25,1587
0.25,1588
0.25,1589
0.25,1590
0.25,1591
0.25,1592
0.25,1593
0.25,1594
0.25,1595
0.25,1596
0.25,1597
0.25,1598
0.25,1599
0.25,1600
0.25,1601
0.25,1602
0.25,1603
0.25,1604
0.25,1605
0.25,1606
0.25,1607
0.25,1608
0.25,1609
0.25,1610
0.25,1611
0.25,1612
0.25,1613
0.25,1614
0.25,1615
0.25,1616
0.25,1617
0.25,1618
0.25,1619
0.25,1620
0.25,1621
0.25,1622
0.25,1623
0.25,1624
0.25,1625
0.25,1626
0.25,1627
0.25,1628
0.25,1629
0.25,1630
0.25,1631
0.25,1632
0.25,1633
0.25,1634
0.25,1635
0.25,1636
0.25,1637
0.25,1638
0.25,1639
0.25,1640
0.25,1641
0.25,1642
0.25,1643
0.25,1644
0.25,1645
0.25,1646
0.25,1647
0.25,1648
0.25,1649
0.25,1650
0.25,1651
0.25,1652
0.25,1653
0.25,1654
0.25,1655
0.25,1656
0.25,1657
0.25,1658
0.25,1659
0.25,1660
0.25,1661
0.25,1662
0.25,1663
0.25,1664
0.25,1665
0.25,1666
0.25,1667
0.25,1668
0.25,1669
0.25,1670
0.25,1671
0.25,1672
0.25,1673
0.25,1674
0.25,1675
0.25,1676
0.25,1677
0.25,1678
0.25,1679
0.25,1680
0.25,1681
0.25,1682
0.25,1683
0.25,1684
0.25,1685
0.25,1686
0.25,1687
0.25,1688
0.25,1689
0.25,1690
0.25,1691
0.25,1692
0.25,1693
0.25,1694
0.25,1695
0.25,1696
0.25,1697
0.25,1698
0.25,1699
0.25,1700
0.25,1701
0.25,1702
0.25,1703
0.25,1704
0.25,1705
0.25,1706
0.25,1707
0.25,1708
0.25,1709
0.25,1710
0.25,1711
0.25,1712
0.25,1713
0.25,1714
0.25,1715
0.25,1716
0.25,1717
0.25,1718
0.25,1719
0.25,1720
0.25,1721
0.25,1722
0.25,1723
0.25,1724
0.25,1725
0.25,1726
0.25,1727
0.25,1728
0.25,1729
0.25,1730
0.25,1731
0.25,1732
0.25,1733
0.25,1734
0.25,1735
0.25,1736
0.25,1737
0.25,1738
0.25,1739
0.25,1740
0.25,1741
0.25,1742
0.25,1743
0.25,1744
0.25,1745
0.25,1746
0.25,1747
0.25,1748
0.25,1749
0.25,1750
0.25,1751
0.25,1752
0.25,1753
0.25,1754
0.25,1755
0.25,1756
0.25,1757
0.25,1758
0.25,1759
0.25,1760
0.25,1761
0.25,1762
0.25,1763
0.25,1764
0.25,1765
0.25,1766
0.25,1767
0.25,1768
0.25,1769
0.25,1770
0.25,1771
0.25,1772
0.25,1773
0.25,1774
0.25,1775
0.25,1776
0.25,1777
0.25,1778
0.25,1779
0.25,1780
0.25,1781
0.25,1782
0.25,1783
0.25,1784
0.25,1785
0.25,1786
0.25,1787
0.25,1788
0.25,1789
0.25,1790
0.25,1791
0.25,1792
0.25,1793
0.25,1794
0.25,1795
0.25,1796
0.25,1797
0.25,1798
0.25,1799
0.25,1800
0.25,1801
0.25,1802
0.25,1803
0.25,1804
0.25,1805
0.25,1806
0.25,1807
0.25,1808
0.25,1809
0.25,1810
0.25,1811
0.25,1812
0.25,1813
0.25,1814
0.25,1815
0.25,1816
0.25,1817
0.25,1818
0.25,1819
0.25,1820
0.25,1821
0.25,1822
0.25,1823
0.25,1824
0.25,1825
0.25,1826
0.25,1827
0.25,1828
0.25,1829
0.25,1830
0.25,1831
0.25,1832
0.25,1833
0.25,1834
0.25,1835
0.25,1836
0.25,1837
0.25,1838
0.25,1839
0.25,1840
0.25,1841
0.25,1842
0.25,1843
0.25,1844
0.25,1845
0.25,1846
0.25,1847
0.25,1848
0.25,1849
0.25,1850
0.25,1851
0.25,1852
0.25,1853
0.25,1854
0.25,1855
0.25,1856
0.25,1857
0.25,1858
0.25,1859
0.25,1860
0.25,1861
0.25,1862
0.25,1863
0.25,1864
0.25,1865
0.25,1866
0.25,1867
0.25,1868
0.25,1869
0.25,1870
0.25,1871
0.25,1872
0.25,1873
0.25,1874
0.25,1875
0.25,1876
0.25,1877
0.25,1878
0.25,1879
0.25,1880
0.25,1881
0.25,1882
0.25,1883
0.25,1884
0.25,1885
0.25,1886
0.25,1887
0.25,1888
0.25,1889
0.25,1890
0.25,1891
0.25,1892
0.25,1893
0.25,1894
0.25,1895
0.25,1896
0.25,1897
0.25,1898
0.25,1899
0.25,1900
0.25,1901
0.25,1902
0.25,1903
0.25,1904
0.25,1905
0.25,1906
0.25,1907
0.25,1908
0.25,1909
0.25,1910
0.25,1911
0.25,1912
0.25,1913
0.25,1914
0.25,1915
0.25,1916
0.25,1917
0.25,1918
0.25,1919
0.25,1920
0.25,1921
0.25,1922
0.25,1923
0.25,1924
0.25,1925
0.25,1926
0.25,1927
0.25,1928
0.25,1929
0.25,1930
0.25,1931
0.25,1932
0.25,1933
0.25,1934
0.25,1935
0.25,1936
0.25,1937
0.25,1938
0.25,1939
0.25,1940
0.25,1941
0.25,1942
0.25,1943
0.25,1944
0.25,1945
0.25,1946
0.25,1947
0.25,1948
0.25,1949
0.25,1950
0.25,1951
0.25,1952
0.25,1953
0.25,1954
0.25,1955
0.25,1956
0.25,1957
0.25,1958
0.25,1959
0.25,1960
0.25,1961
0.25,1962
0.25,1963
0.25,1964
0.25,1965
0.25,1966
0.25,1967
0.25,1968
0.25,1969
0.25,1970
0.25,1971
0.25,1972
0.25,1973
0.25,1974
0.25,1975
0.25,1976
0.25,1977
0.25,1978
0.25,1979
0.25,1980
0.25,1981
0.25,1982
0.25,1983
0.25,1984
0.25,1985
0.25,1986
0.25,1987
0.25,1988
0.25,1989
0.25,1990
0.25,1991
0.25,1992
0.25,1993
0.25,1994
0.25,1995
0.25,1996
0.25,1997
0.25,1998
0.25,1999
0.25,2000
0.3,2001
0.3,2002
0.3,2003
0.3,2004
0.3,2005
0.3,2006
0.3,2007
0.3,2008
0.3,2009
0.3,2010
0.3,2011
0.3,2012
0.3,2013
0.3,2014
0.3,2015
0.3,2016
0.3,2017
0.3,2018
0.3,2019
0.3,2020
0.3,2021
0.3,2022
0.3,2023
0.3,2024
0.3,2025
0.3,2026
0.3,2027
0.3,2028
0.3,2029
0.3,2030
0.3,2031
0.3,2032
0.3,2033
0.3,2034
0.3,2035
0.3,2036
0.3,2037
0.3,2038
0.3,2039
0.3,2040
0.3,2041
0.3,2042
0.3,2043
0.3,2044
0.3,2045
0.3,2046
0.3,2047
0.3,2048
0.3,2049
0.3,2050
0.3,2051
0.3,2052
0.3,2053
0.3,2054
0.3,2055
0.3,2056
0.3,2057
0.3,2058
0.3,2059
0.3,2060
0.3,2061
0.3,2062
0.3,2063
0.3,2064
0.3,2065
0.3,2066
0.3,2067
0.3,2068
0.3,2069
0.3,2070
0.3,2071
0.3,2072
0.3,2073
0.3,2074
0.3,2075
0.3,2076
0.3,2077
0.3,2078
0.3,2079
0.3,2080
0.3,2081
0.3,2082
0.3,2083
0.3,2084
0.3,2085
0.3,2086
0.3,2087
0.3,2088
0.3,2089
0.3,2090
0.3,2091
0.3,2092
0.3,2093
0.3,2094
0.3,2095
0.3,2096
0.3,2097
0.3,2098
0.3,2099
0.3,2100
0.3,2101
0.3,2102
0.3,2103
0.3,2104
0.3,2105
0.3,2106
0.3,2107
0.3,2108
0.3,2109
0.3,2110
0.3,2111
0.3,2112
0.3,2113
0.3,2114
0.3,2115
0.3,2116
0.3,2117
0.3,2118
0.3,2119
0.3,2120
0.3,2121
0.3,2122
0.3,2123
0.3,2124
0.3,2125
0.3,2126
0.3,2127
0.3,2128
0.3,2129
0.3,2130
0.3,2131
0.3,2132
0.3,2133
0.3,2134
0.3,2135
0.3,2136
0.3,2137
0.3,2138
0.3,2139
0.3,2140
0.3,2141
0.3,2142
0.3,2143
0.3,2144
0.3,2145
0.3,2146
0.3,2147
0.3,2148
0.3,2149
0.3,2150
0.3,2151
0.3,2152
0.3,2153
0.3,2154
0.3,2155
0.3,2156
0.3,2157
0.3,2158
0.3,2159
0.3,2160
0.3,2161
0.3,2162
0.3,2163
0.3,2164
0.3,2165
0.3,2166
0.3,2167
0.3,2168
0.3,2169
0.3,2170
0.3,2171
0.3,2172
0.3,2173
0.3,2174
0.3,2175
0.3,2176
0.3,2177
0.3,2178
0.3,2179
0.3,2180
0.3,2181
0.3,2182
0.3,2183
0.3,2184
0.3,2185
0.3,2186
0.3,2187
0.3,2188
0.3,2189
0.3,2190
0.3,2191
0.3,2192
0.3,2193
0.3,2194
0.3,2195
0.3,2196
0.3,2197
0.3,2198
0.3,2199
0.3,2200
0.3,2201
0.3,2202
0.3,2203
0.3,2204
0.3,2205
0.3,2206
0.3,2207
0.3,2208
0.3,2209
0.3,2210
0.3,2211
0.3,2212
0.3,2213
0.3,2214
0.3,2215
0.3,2216
0.3,2217
0.3,2218
0.3,2219
0.3,2220
0.3,2221
0.3,2222
0.3,2223
0.3,2224
0.3,2225
0.3,2226
0.3,2227
0.3,2228
0.3,2229
0.3,2230
0.3,2231
0.3,2232
0.3,2233
0.3,2234
0.3,2235
0.3,2236
0.3,2237
0.3,2238
0.3,2239
0.3,2240
0.3,2241
0.3,2242
0.3,2243
0.3,2244
0.3,2245
0.3,2246
0.3,2247
0.3,2248
0.3,2249
0.3,2250
0.3,2251
0.3,2252
0.3,2253
0.3,2254
0.3,2255
0.3,2256
0.3,2257
0.3,2258
0.3,2259
0.3,2260
0.3,2261
0.3,2262
0.3,2263
0.3,2264
0.3,2265
0.3,2266
0.3,2267
0.3,2268
0.3,2269
0.3,2270
0.3,2271
0.3,2272
0.3,2273
0.3,2274
0.3,2275
0.3,2276
0.3,2277
0.3,2278
0.3,2279
0.3,2280
0.3,2281
0.3,2282
0.3,2283
0.3,2284
0.3,2285
0.3,2286
0.3,2287
0.3,2288
0.3,2289
0.3,2290
0.3,2291
0.3,2292
0.3,2293
0.3,2294
0.3,2295
0.3,2296
0.3,2297
0.3,2298
0.3,2299
0.3,2300
0.3,2301
0.3,2302
0.3,2303
0.3,2304
0.3,2305
0.3,2306
0.3,2307
0.3,2308
0.3,2309
0.3,2310
0.3,2311
0.3,2312
0.3,2313
0.3,2314
0.3,2315
0.3,2316
0.3,2317
0.3,2318
0.3,2319
0.3,2320
0.3,2321
0.3,2322
0.3,2323
0.3,2324
0.3,2325
0.3,2326
0.3,2327
0.3,2328
0.3,2329
0.3,2330
0.3,2331
0.3,2332
0.3,2333
0.3,2334
0.3,2335
0.3,2336
0.3,2337
0.3,2338
0.3,2339
0.3,2340
0.3,2341
0.3,2342
0.3,2343
0.3,2344
0.3,2345
0.3,2346
0.3,2347
0.3,2348
0.3,2349
0.3,2350
0.3,2351
0.3,2352
0.3,2353
0.3,2354
0.3,2355
0.3,2356
0.3,2357
0.3,2358
0.3,2359
0.3,2360
0.3,2361
0.3,2362
0.3,2363
0.3,2364
0.3,2365
0.3,2366
0.3,2367
0.3,2368
0.3,2369
0.3,2370
0.3,2371
0.3,2372
0.3,2373
0.3,2374
0.3,2375
0.3,2376
0.3,2377
0.3,2378
0.3,2379
0.3,2380
0.3,2381
0.3,2382
0.3,2383
0.3,2384
0.3,2385
0.3,2386
0.3,2387
0.3,2388
0.3,2389
0.3,2390
0.3,2391
0.3,2392
0.3,2393
0.3,2394
0.3,2395
0.3,2396
0.3,2397
0.3,2398
0.3,2399
0.3,2400
0.3,2401
0.3,2402
0.3,2403
0.3,2404
0.3,2405
0.3,2406
0.3,2407
0.3,2408
0.3,2409
0.3,2410
0.3,2411
0.3,2412
0.3,2413
0.3,2414
0.3,2415
0.3,2416
0.3,2417
0.3,2418
0.3,2419
0.3,2420
0.3,2421
0.3,2422
0.3,2423
0.3,2424
0.3,2425
0.3,2426
0.3,2427
0.3,2428
0.3,2429
0.3,2430
0.3,2431
0.3,2432
0.3,2433
0.3,2434
0.3,2435
0.3,2436
0.3,2437
0.3,2438
0.3,2439
0.3,2440
0.3,2441
0.3,2442
0.3,2443
0.3,2444
0.3,2445
0.3,2446
0.3,2447
0.3,2448
0.3,2449
0.3,2450
0.3,2451
0.3,2452
0.3,2453
0.3,2454
0.3,2455
0.3,2456
0.3,2457
0.3,2458
0.3,2459
0.3,2460
0.3,2461
0.3,2462
0.3,2463
0.3,2464
0.3,2465
0.3,2466
0.3,2467
0.3,2468
0.3,2469
0.3,2470
0.3,2471
0.3,2472
0.3,2473
0.3,2474
0.3,2475
0.3,2476
0.3,2477
0.3,2478
0.3,2479
0.3,2480
0.3,2481
0.3,2482
0.3,2483
0.3,2484
0.3,2485
0.3,2486
0.3,2487
0.3,2488
0.3,2489
0.3,2490
0.3,2491
0.3,2492
0.3,2493
0.3,2494
0.3,2495
0.3,2496
0.3,2497
0.3,2498
0.3,2499
0.3,2500
0.3,2501
0.3,2502
0.3,2503
0.3,2504
0.3,2505
0.3,2506
0.3,2507
0.3,2508
0.3,2509
0.3,2510
0.3,2511
0.3,2512
0.3,2513
0.3,2514
0.3,2515
0.3,2516
0.3,2517
0.3,2518
0.3,2519
0.3,2520
0.3,2521
0.3,2522
0.3,2523
0.3,2524
0.3,2525
0.3,2526
0.3,2527
0.3,2528
0.3,2529
0.3,2530
0.3,2531
0.3,2532
0.3,2533
0.3,2534
0.3,2535
0.3,2536
0.3,2537
0.3,2538
0.3,2539
0.3,2540
0.3,2541
0.3,2542
0.3,2543
0.3,2544
0.3,2545
0.3,2546
0.3,2547
0.3,2548
0.3,2549
0.3,2550
0.3,2551
0.3,2552
0.3,2553
0.3,2554
0.3,2555
0.3,2556
0.3,2557
0.3,2558
0.3,2559
0.3,2560
0.3,2561
0.3,2562
0.3,2563
0.3,2564
0.3,2565
0.3,2566
0.3,2567
0.3,2568
0.3,2569
0.3,2570
0.3,2571
0.3,2572
0.3,2573
0.3,2574
0.3,2575
0.3,2576
0.3,2577
0.3,2578
0.3,2579
0.3,2580
0.3,2581
0.3,2582
0.3,2583
0.3,2584
0.3,2585
0.3,2586
0.3,2587
0.3,2588
0.3,2589
0.3,2590
0.3,2591
0.3,2592
0.3,2593
0.3,2594
0.3,2595
0.3,2596
0.3,2597
0.3,2598
0.3,2599
0.3,2600
0.3,2601
0.3,2602
0.3,2603
0.3,2604
0.3,2605
0.3,2606
0.3,2607
0.3,2608
0.3,2609
0.3,2610
0.3,2611
0.3,2612
0.3,2613
0.3,2614
0.3,2615
0.3,2616
0.3,2617
0.3,2618
0.3,2619
0.3,2620
0.3,2621
0.3,2622
0.3,2623
0.3,2624
0.3,2625
0.3,2626
0.3,2627
0.3,2628
0.3,2629
0.3,2630
0.3,2631
0.3,2632
0.3,2633
0.3,2634
0.3,2635
0.3,2636
0.3,2637
0.3,2638
0.3,2639
0.3,2640
0.3,2641
0.3,2642
0.3,2643
0.3,2644
0.3,2645
0.3,2646
0.3,2647
0.3,2648
0.3,2649
0.3,2650
0.3,2651
0.3,2652
0.3,2653
0.3,2654
0.3,2655
0.3,2656
0.3,2657
0.3,2658
0.3,2659
0.3,2660
0.3,2661
0.3,2662
0.3,2663
0.3,2664
0.3,2665
0.3,2666
0.3,2667
0.3,2668
0.3,2669
0.3,2670
0.3,2671
0.3,2672
0.3,2673
0.3,2674
0.3,2675
0.3,2676
0.3,2677
0.3,2678
0.3,2679
0.3,2680
0.3,2681
0.3,2682
0.3,2683
0.3,2684
0.3,2685
0.3,2686
0.3,2687
0.3,2688
0.3,2689
0.3,2690
0.3,2691
0.3,2692
0.3,2693
0.3,2694
0.3,2695
0.3,2696
0.3,2697
0.3,2698
0.3,2699
0.3,2700
0.3,2701
0.3,2702
0.3,2703
0.3,2704
0.3,2705
0.3,2706
0.3,2707
0.3,2708
0.3,2709
0.3,2710
0.3,2711
0.3,2712
0.3,2713
0.3,2714
0.3,2715
0.3,2716
0.3,2717
0.3,2718
0.3,2719
0.3,2720
0.3,2721
0.3,2722
0.3,2723
0.3,2724
0.3,2725
0.3,2726
0.3,2727
0.3,2728
0.3,2729
0.3,2730
0.3,2731
0.3,2732
0.3,2733
0.3,2734
0.3,2735
0.3,2736
0.3,2737
0.3,2738
0.3,2739
0.3,2740
0.3,2741
0.3,2742
0.3,2743
0.3,2744
0.3,2745
0.3,2746
0.3,2747
0.3,2748
0.3,2749
0.3,2750
0.3,2751
0.3,2752
0.3,2753
0.3,2754
0.3,2755
0.3,2756
0.3,2757
0.3,2758
0.3,2759
0.3,2760
0.3,2761
0.3,2762
0.3,2763
0.3,2764
0.3,2765
0.3,2766
0.3,2767
0.3,2768
0.3,2769
0.3,2770
0.3,2771
0.3,2772
0.3,2773
0.3,2774
0.3,2775
0.3,2776
0.3,2777
0.3,2778
0.3,2779
0.3,2780
0.3,2781
0.3,2782
0.3,2783
0.3,2784
0.3,2785
0.3,2786
0.3,2787
0.3,2788
0.3,2789
0.3,2790
0.3,2791
0.3,2792
0.3,2793
0.3,2794
0.3,2795
0.3,2796
0.3,2797
0.3,2798
0.3,2799
0.3,2800
0.3,2801
0.3,2802
0.3,2803
0.3,2804
0.3,2805
0.3,2806
0.3,2807
0.3,2808
0.3,2809
0.3,2810
0.3,2811
0.3,2812
0.3,2813
0.3,2814
0.3,2815
0.3,2816
0.3,2817
0.3,2818
0.3,2819
0.3,2820
0.3,2821
0.3,2822
0.3,2823
0.3,2824
0.3,2825
0.3,2826
0.3,2827
0.3,2828
0.3,2829
0.3,2830
0.3,2831
0.3,2832
0.3,2833
0.3,2834
0.3,2835
0.3,2836
0.3,2837
0.3,2838
0.3,2839
0.3,2840
0.3,2841
0.3,2842
0.3,2843
0.3,2844
0.3,2845
0.3,2846
0.3,2847
0.3,2848
0.3,2849
0.3,2850
0.3,2851
0.3,2852
0.3,2853
0.3,2854
0.3,2855
0.3,2856
0.3,2857
0.3,2858
0.3,2859
0.3,2860
0.3,2861
0.3,2862
0.3,2863
0.3,2864
0.3,2865
0.3,2866
0.3,2867
0.3,2868
0.3,2869
0.3,2870
0.3,2871
0.3,2872
0.3,2873
0.3,2874
0.3,2875
0.3,2876
0.3,2877
0.3,2878
0.3,2879
0.3,2880
0.3,2881
0.3,2882
0.3,2883
0.3,2884
0.3,2885
0.3,2886
0.3,2887
0.3,2888
0.3,2889
0.3,2890
0.3,2891
0.3,2892
0.3,2893
0.3,2894
0.3,2895
0.3,2896
0.3,2897
0.3,2898
0.3,2899
0.3,2900
0.3,2901
0.3,2902
0.3,2903
0.3,2904
0.3,2905
0.3,2906
0.3,2907
0.3,2908
0.3,2909
0.3,2910
0.3,2911
0.3,2912
0.3,2913
0.3,2914
0.3,2915
0.3,2916
0.3,2917
0.3,2918
0.3,2919
0.3,2920
0.3,2921
0.3,2922
0.3,2923
0.3,2924
0.3,2925
0.3,2926
0.3,2927
0.3,2928
0.3,2929
0.3,2930
0.3,2931
0.3,2932
0.3,2933
0.3,2934
0.3,2935
0.3,2936
0.3,2937
0.3,2938
0.3,2939
0.3,2940
0.3,2941
0.3,2942
0.3,2943
0.3,2944
0.3,2945
0.3,2946
0.3,2947
0.3,2948
0.3,2949
0.3,2950
0.3,2951
0.3,2952
0.3,2953
0.3,2954
0.3,2955
0.3,2956
0.3,2957
0.3,2958
0.3,2959
0.3,2960
0.3,2961
0.3,2962
0.3,2963
0.3,2964
0.3,2965
0.3,2966
0.3,2967
0.3,2968
0.3,2969
0.3,2970
0.3,2971
0.3,2972
0.3,2973
0.3,2974
0.3,2975
0.3,2976
0.3,2977
0.3,2978
0.3,2979
0.3,2980
0.3,2981
0.3,2982
0.3,2983
0.3,2984
0.3,2985
0.3,2986
0.3,2987
0.3,2988
0.3,2989
0.3,2990
0.3,2991
0.3,2992
0.3,2993
0.3,2994
0.3,2995
0.3,2996
0.3,2997
0.3,2998
0.3,2999
0.3,3000
0.35,3001
0.35,3002
0.35,3003
0.35,3004
0.35,3005
0.35,3006
0.35,3007
0.35,3008
0.35,3009
0.35,3010
0.35,3011
0.35,3012
0.35,3013
0.35,3014
0.35,3015
0.35,3016
0.35,3017
0.35,3018
0.35,3019
0.35,3020
0.35,3021
0.35,3022
0.35,3023
0.35,3024
0.35,3025
0.35,3026
0.35,3027
0.35,3028
0.35,3029
0.35,3030
0.35,3031
0.35,3032
0.35,3033
0.35,3034
0.35,3035
0.35,3036
0.35,3037
0.35,3038
0.35,3039
0.35,3040
0.35,3041
0.35,3042
0.35,3043
0.35,3044
0.35,3045
0.35,3046
0.35,3047
0.35,3048
0.35,3049
0.35,3050
0.35,3051
0.35,3052
0.35,3053
0.35,3054
0.35,3055
0.35,3056
0.35,3057
0.35,3058
0.35,3059
0.35,3060
0.35,3061
0.35,3062
0.35,3063
0.35,3064
0.35,3065
0.35,3066
0.35,3067
0.35,3068
0.35,3069
0.35,3070
0.35,3071
0.35,3072
0.35,3073
0.35,3074
0.35,3075
0.35,3076
0.35,3077
0.35,3078
0.35,3079
0.35,3080
0.35,3081
0.35,3082
0.35,3083
0.35,3084
0.35,3085
0.35,3086
0.35,3087
0.35,3088
0.35,3089
0.35,3090
0.35,3091
0.35,3092
0.35,3093
0.35,3094
0.35,3095
0.35,3096
0.35,3097
0.35,3098
0.35,3099
0.35,3100
0.35,3101
0.35,3102
0.35,3103
0.35,3104
0.35,3105
0.35,3106
0.35,3107
0.35,3108
0.35,3109
0.35,3110
0.35,3111
0.35,3112
0.35,3113
0.35,3114
0.35,3115
0.35,3116
0.35,3117
0.35,3118
0.35,3119
0.35,3120
0.35,3121
0.35,3122
0.35,3123
0.35,3124
0.35,3125
0.35,3126
0.35,3127
0.35,3128
0.35,3129
0.35,3130
0.35,3131
0.35,3132
0.35,3133
0.35,3134
0.35,3135
0.35,3136
0.35,3137
0.35,3138
0.35,3139
0.35,3140
0.35,3141
0.35,3142
0.35,3143
0.35,3144
0.35,3145
0.35,3146
0.35,3147
0.35,3148
0.35,3149
0.35,3150
0.35,3151
0.35,3152
0.35,3153
0.35,3154
0.35,3155
0.35,3156
0.35,3157
0.35,3158
0.35,3159
0.35,3160
0.35,3161
0.35,3162
0.35,3163
0.35,3164
0.35,3165
0.35,3166
0.35,3167
0.35,3168
0.35,3169
0.35,3170
0.35,3171
0.35,3172
0.35,3173
0.35,3174
0.35,3175
0.35,3176
0.35,3177
0.35,3178
0.35,3179
0.35,3180
0.35,3181
0.35,3182
0.35,3183
0.35,3184
0.35,3185
0.35,3186
0.35,3187
0.35,3188
0.35,3189
0.35,3190
0.35,3191
0.35,3192
0.35,3193
0.35,3194
0.35,3195
0.35,3196
0.35,3197
0.35,3198
0.35,3199
0.35,3200
0.35,3201
0.35,3202
0.35,3203
0.35,3204
0.35,3205
0.35,3206
0.35,3207
0.35,3208
0.35,3209
0.35,3210
0.35,3211
0.35,3212
0.35,3213
0.35,3214
0.35,3215
0.35,3216
0.35,3217
0.35,3218
0.35,3219
0.35,3220
0.35,3221
0.35,3222
0.35,3223
0.35,3224
0.35,3225
0.35,3226
0.35,3227
0.35,3228
0.35,3229
0.35,3230
0.35,3231
0.35,3232
0.35,3233
0.35,3234
0.35,3235
0.35,3236
0.35,3237
0.35,3238
0.35,3239
0.35,3240
0.35,3241
0.35,3242
0.35,3243
0.35,3244
0.35,3245
0.35,3246
0.35,3247
0.35,3248
0.35,3249
0.35,3250
0.35,3251
0.35,3252
0.35,3253
0.35,3254
0.35,3255
0.35,3256
0.35,3257
0.35,3258
0.35,3259
0.35,3260
0.35,3261
0.35,3262
0.35,3263
0.35,3264
0.35,3265
0.35,3266
0.35,3267
0.35,3268
0.35,3269
0.35,3270
0.35,3271
0.35,3272
0.35,3273
0.35,3274
0.35,3275
0.35,3276
0.35,3277
0.35,3278
0.35,3279
0.35,3280
0.35,3281
0.35,3282
0.35,3283
0.35,3284
0.35,3285
0.35,3286
0.35,3287
0.35,3288
0.35,3289
0.35,3290
0.35,3291
0.35,3292
0.35,3293
0.35,3294
0.35,3295
0.35,3296
0.35,3297
0.35,3298
0.35,3299
0.35,3300
0.35,3301
0.35,3302
0.35,3303
0.35,3304
0.35,3305
0.35,3306
0.35,3307
0.35,3308
0.35,3309
0.35,3310
0.35,3311
0.35,3312
0.35,3313
0.35,3314
0.35,3315
0.35,3316
0.35,3317
0.35,3318
0.35,3319
0.35,3320
0.35,3321
0.35,3322
0.35,3323
0.35,3324
0.35,3325
0.35,3326
0.35,3327
0.35,3328
0.35,3329
0.35,3330
0.35,3331
0.35,3332
0.35,3333
0.35,3334
0.35,3335
0.35,3336
0.35,3337
0.35,3338
0.35,3339
0.35,3340
0.35,3341
0.35,3342
0.35,3343
0.35,3344
0.35,3345
0.35,3346
0.35,3347
0.35,3348
0.35,3349
0.35,3350
0.35,3351
0.35,3352
0.35,3353
0.35,3354
0.35,3355
0.35,3356
0.35,3357
0.35,3358
0.35,3359
0.35,3360
0.35,3361
0.35,3362
0.35,3363
0.35,3364
0.35,3365
0.35,3366
0.35,3367
0.35,3368
0.35,3369
0.35,3370
0.35,3371
0.35,3372
0.35,3373
0.35,3374
0.35,3375
0.35,3376
0.35,3377
0.35,3378
0.35,3379
0.35,3380
0.35,3381
0.35,3382
0.35,3383
0.35,3384
0.35,3385
0.35,3386
0.35,3387
0.35,3388
0.35,3389
0.35,3390
0.35,3391
0.35,3392
0.35,3393
0.35,3394
0.35,3395
0.35,3396
0.35,3397
0.35,3398
0.35,3399
0.35,3400
0.35,3401
0.35,3402
0.35,3403
0.35,3404
0.35,3405
0.35,3406
0.35,3407
0.35,3408
0.35,3409
0.35,3410
0.35,3411
0.35,3412
0.35,3413
0.35,3414
0.35,3415
0.35,3416
0.35,3417
0.35,3418
0.35,3419
0.35,3420
0.35,3421
0.35,3422
0.35,3423
0.35,3424
0.35,3425
0.35,3426
0.35,3427
0.35,3428
0.35,3429
0.35,3430
0.35,3431
0.35,3432
0.35,3433
0.35,3434
0.35,3435
0.35,3436
0.35,3437
0.35,3438
0.35,3439
0.35,3440
0.35,3441
0.35,3442
0.35,3443
0.35,3444
0.35,3445
0.35,3446
0.35,3447
0.35,3448
0.35,3449
0.35,3450
0.35,3451
0.35,3452
0.35,3453
0.35,3454
0.35,3455
0.35,3456
0.35,3457
0.35,3458
0.35,3459
0.35,3460
0.35,3461
0.35,3462
0.35,3463
0.35,3464
0.35,3465
0.35,3466
0.35,3467
0.35,3468
0.35,3469
0.35,3470
0.35,3471
0.35,3472
0.35,3473
0.35,3474
0.35,3475
0.35,3476
0.35,3477
0.35,3478
0.35,3479
0.35,3480
0.35,3481
0.35,3482
0.35,3483
0.35,3484
0.35,3485
0.35,3486
0.35,3487
0.35,3488
0.35,3489
0.35,3490
0.35,3491
0.35,3492
0.35,3493
0.35,3494
0.35,3495
0.35,3496
0.35,3497
0.35,3498
0.35,3499
0.35,3500
0.35,3501
0.35,3502
0.35,3503
0.35,3504
0.35,3505
0.35,3506
0.35,3507
0.35,3508
0.35,3509
0.35,3510
0.35,3511
0.35,3512
0.35,3513
0.35,3514
0.35,3515
0.35,3516
0.35,3517
0.35,3518
0.35,3519
0.35,3520
0.35,3521
0.35,3522
0.35,3523
0.35,3524
0.35,3525
0.35,3526
0.35,3527
0.35,3528
0.35,3529
0.35,3530
0.35,3531
0.35,3532
0.35,3533
0.35,3534
0.35,3535
0.35,3536
0.35,3537
0.35,3538
0.35,3539
0.35,3540
0.35,3541
0.35,3542
0.35,3543
0.35,3544
0.35,3545
0.35,3546
0.35,3547
0.35,3548
0.35,3549
0.35,3550
0.35,3551
0.35,3552
0.35,3553
0.35,3554
0.35,3555
0.35,3556
0.35,3557
0.35,3558
0.35,3559
0.35,3560
0.35,3561
0.35,3562
0.35,3563
0.35,3564
0.35,3565
0.35,3566
0.35,3567
0.35,3568
0.35,3569
0.35,3570
0.35,3571
0.35,3572
0.35,3573
0.35,3574
0.35,3575
0.35,3576
0.35,3577
0.35,3578
0.35,3579
0.35,3580
0.35,3581
0.35,3582
0.35,3583
0.35,3584
0.35,3585
0.35,3586
0.35,3587
0.35,3588
0.35,3589
0.35,3590
0.35,3591
0.35,3592
0.35,3593
0.35,3594
0.35,3595
0.35,3596
0.35,3597
0.35,3598
0.35,3599
0.35,3600
0.35,3601
0.35,3602
0.35,3603
0.35,3604
0.35,3605
0.35,3606
0.35,3607
0.35,3608
0.35,3609
0.35,3610
0.35,3611
0.35,3612
0.35,3613
0.35,3614
0.35,3615
0.35,3616
0.35,3617
0.35,3618
0.35,3619
0.35,3620
0.35,3621
0.35,3622
0.35,3623
0.35,3624
0.35,3625
0.35,3626
0.35,3627
0.35,3628
0.35,3629
0.35,3630
0.35,3631
0.35,3632
0.35,3633
0.35,3634
0.35,3635
0.35,3636
0.35,3637
0.35,3638
0.35,3639
0.35,3640
0.35,3641
0.35,3642
0.35,3643
0.35,3644
0.35,3645
0.35,3646
0.35,3647
0.35,3648
0.35,3649
0.35,3650
0.35,3651
0.35,3652
0.35,3653
0.35,3654
0.35,3655
0.35,3656
0.35,3657
0.35,3658
0.35,3659
0.35,3660
0.35,3661
0.35,3662
0.35,3663
0.35,3664
0.35,3665
0.35,3666
0.35,3667
0.35,3668
0.35,3669
0.35,3670
0.35,3671
0.35,3672
0.35,3673
0.35,3674
0.35,3675
0.35,3676
0.35,3677
0.35,3678
0.35,3679
0.35,3680
0.35,3681
0.35,3682
0.35,3683
0.35,3684
0.35,3685
0.35,3686
0.35,3687
0.35,3688
0.35,3689
0.35,3690
0.35,3691
0.35,3692
0.35,3693
0.35,3694
0.35,3695
0.35,3696
0.35,3697
0.35,3698
0.35,3699
0.35,3700
0.35,3701
0.35,3702
0.35,3703
0.35,3704
0.35,3705
0.35,3706
0.35,3707
0.35,3708
0.35,3709
0.35,3710
0.35,3711
0.35,3712
0.35,3713
0.35,3714
0.35,3715
0.35,3716
0.35,3717
0.35,3718
0.35,3719
0.35,3720
0.35,3721
0.35,3722
0.35,3723
0.35,3724
0.35,3725
0.35,3726
0.35,3727
0.35,3728
0.35,3729
0.35,3730
0.35,3731
0.35,3732
0.35,3733
0.35,3734
0.35,3735
0.35,3736
0.35,3737
0.35,3738
0.35,3739
0.35,3740
0.35,3741
0.35,3742
0.35,3743
0.35,3744
0.35,3745
0.35,3746
0.35,3747
0.35,3748
0.35,3749
0.35,3750
0.35,3751
0.35,3752
0.35,3753
0.35,3754
0.35,3755
0.35,3756
0.35,3757
0.35,3758
0.35,3759
0.35,3760
0.35,3761
0.35,3762
0.35,3763
0.35,3764
0.35,3765
0.35,3766
0.35,3767
0.35,3768
0.35,3769
0.35,3770
0.35,3771
0.35,3772
0.35,3773
0.35,3774
0.35,3775
0.35,3776
0.35,3777
0.35,3778
0.35,3779
0.35,3780
0.35,3781
0.35,3782
0.35,3783
0.35,3784
0.35,3785
0.35,3786
0.35,3787
0.35,3788
0.35,3789
0.35,3790
0.35,3791
0.35,3792
0.35,3793
0.35,3794
0.35,3795
0.35,3796
0.35,3797
0.35,3798
0.35,3799
0.35,3800
0.35,3801
0.35,3802
0.35,3803
0.35,3804
0.35,3805
0.35,3806
0.35,3807
0.35,3808
0.35,3809
0.35,3810
0.35,3811
0.35,3812
0.35,3813
0.35,3814
0.35,3815
0.35,3816
0.35,3817
0.35,3818
0.35,3819
0.35,3820
0.35,3821
0.35,3822
0.35,3823
0.35,3824
0.35,3825
0.35,3826
0.35,3827
0.35,3828
0.35,3829
0.35,3830
0.35,3831
0.35,3832
0.35,3833
0.35,3834
0.35,3835
0.35,3836
0.35,3837
0.35,3838
0.35,3839
0.35,3840
0.35,3841
0.35,3842
0.35,3843
0.35,3844
0.35,3845
0.35,3846
0.35,3847
0.35,3848
0.35,3849
0.35,3850
0.35,3851
0.35,3852
0.35,3853
0.35,3854
0.35,3855
0.35,3856
0.35,3857
0.35,3858
0.35,3859
0.35,3860
0.35,3861
0.35,3862
0.35,3863
0.35,3864
0.35,3865
0.35,3866
0.35,3867
0.35,3868
0.35,3869
0.35,3870
0.35,3871
0.35,3872
0.35,3873
0.35,3874
0.35,3875
0.35,3876
0.35,3877
0.35,3878
0.35,3879
0.35,3880
0.35,3881
0.35,3882
0.35,3883
0.35,3884
0.35,3885
0.35,3886
0.35,3887
0.35,3888
0.35,3889
0.35,3890
0.35,3891
0.35,3892
0.35,3893
0.35,3894
0.35,3895
0.35,3896
0.35,3897
0.35,3898
0.35,3899
0.35,3900
0.35,3901
0.35,3902
0.35,3903
0.35,3904
0.35,3905
0.35,3906
0.35,3907
0.35,3908
0.35,3909
0.35,3910
0.35,3911
0.35,3912
0.35,3913
0.35,3914
0.35,3915
0.35,3916
0.35,3917
0.35,3918
0.35,3919
0.35,3920
0.35,3921
0.35,3922
0.35,3923
0.35,3924
0.35,3925
0.35,3926
0.35,3927
0.35,3928
0.35,3929
0.35,3930
0.35,3931
0.35,3932
0.35,3933
0.35,3934
0.35,3935
0.35,3936
0.35,3937
0.35,3938
0.35,3939
0.35,3940
0.35,3941
0.35,3942
0.35,3943
0.35,3944
0.35,3945
0.35,3946
0.35,3947
0.35,3948
0.35,3949
0.35,3950
0.35,3951
0.35,3952
0.35,3953
0.35,3954
0.35,3955
0.35,3956
0.35,3957
0.35,3958
0.35,3959
0.35,3960
0.35,3961
0.35,3962
0.35,3963
0.35,3964
0.35,3965
0.35,3966
0.35,3967
0.35,3968
0.35,3969
0.35,3970
0.35,3971
0.35,3972
0.35,3973
0.35,3974
0.35,3975
0.35,3976
0.35,3977
0.35,3978
0.35,3979
0.35,3980
0.35,3981
0.35,3982
0.35,3983
0.35,3984
0.35,3985
0.35,3986
0.35,3987
0.35,3988
0.35,3989
0.35,3990
0.35,3991
0.35,3992
0.35,3993
0.35,3994
0.35,3995
0.35,3996
0.35,3997
0.35,3998
0.35,3999
0.35,4000
0.4,4001
0.4,4002
0.4,4003
0.4,4004
0.4,4005
0.4,4006
0.4,4007
0.4,4008
0.4,4009
0.4,4010
0.4,4011
0.4,4012
0.4,4013
0.4,4014
0.4,4015
0.4,4016
0.4,4017
0.4,4018
0.4,4019
0.4,4020
0.4,4021
0.4,4022
0.4,4023
0.4,4024
0.4,4025
0.4,4026
0.4,4027
0.4,4028
0.4,4029
0.4,4030
0.4,4031
0.4,4032
0.4,4033
0.4,4034
0.4,4035
0.4,4036
0.4,4037
0.4,4038
0.4,4039
0.4,4040
0.4,4041
0.4,4042
0.4,4043
0.4,4044
0.4,4045
0.4,4046
0.4,4047
0.4,4048
0.4,4049
0.4,4050
0.4,4051
0.4,4052
0.4,4053
0.4,4054
0.4,4055
0.4,4056
0.4,4057
0.4,4058
0.4,4059
0.4,4060
0.4,4061
0.4,4062
0.4,4063
0.4,4064
0.4,4065
0.4,4066
0.4,4067
0.4,4068
0.4,4069
0.4,4070
0.4,4071
0.4,4072
0.4,4073
0.4,4074
0.4,4075
0.4,4076
0.4,4077
0.4,4078
0.4,4079
0.4,4080
0.4,4081
0.4,4082
0.4,4083
0.4,4084
0.4,4085
0.4,4086
0.4,4087
0.4,4088
0.4,4089
0.4,4090
0.4,4091
0.4,4092
0.4,4093
0.4,4094
0.4,4095
0.4,4096
0.4,4097
0.4,4098
0.4,4099
0.4,4100
0.4,4101
0.4,4102
0.4,4103
0.4,4104
0.4,4105
0.4,4106
0.4,4107
0.4,4108
0.4,4109
0.4,4110
0.4,4111
0.4,4112
0.4,4113
0.4,4114
0.4,4115
0.4,4116
0.4,4117
0.4,4118
0.4,4119
0.4,4120
0.4,4121
0.4,4122
0.4,4123
0.4,4124
0.4,4125
0.4,4126
0.4,4127
0.4,4128
0.4,4129
0.4,4130
0.4,4131
0.4,4132
0.4,4133
0.4,4134
0.4,4135
0.4,4136
0.4,4137
0.4,4138
0.4,4139
0.4,4140
0.4,4141
0.4,4142
0.4,4143
0.4,4144
0.4,4145
0.4,4146
0.4,4147
0.4,4148
0.4,4149
0.4,4150
0.4,4151
0.4,4152
0.4,4153
0.4,4154
0.4,4155
0.4,4156
0.4,4157
0.4,4158
0.4,4159
0.4,4160
0.4,4161
0.4,4162
0.4,4163
0.4,4164
0.4,4165
0.4,4166
0.4,4167
0.4,4168
0.4,4169
0.4,4170
0.4,4171
0.4,4172
0.4,4173
0.4,4174
0.4,4175
0.4,4176
0.4,4177
0.4,4178
0.4,4179
0.4,4180
0.4,4181
0.4,4182
0.4,4183
0.4,4184
0.4,4185
0.4,4186
0.4,4187
0.4,4188
0.4,4189
0.4,4190
0.4,4191
0.4,4192
0.4,4193
0.4,4194
0.4,4195
0.4,4196
0.4,4197
0.4,4198
0.4,4199
0.4,4200
0.4,4201
0.4,4202
0.4,4203
0.4,4204
0.4,4205
0.4,4206
0.4,4207
0.4,4208
0.4,4209
0.4,4210
0.4,4211
0.4,4212
0.4,4213
0.4,4214
0.4,4215
0.4,4216
0.4,4217
0.4,4218
0.4,4219
0.4,4220
0.4,4221
0.4,4222
0.4,4223
0.4,4224
0.4,4225
0.4,4226
0.4,4227
0.4,4228
0.4,4229
0.4,4230
0.4,4231
0.4,4232
0.4,4233
0.4,4234
0.4,4235
0.4,4236
0.4,4237
0.4,4238
0.4,4239
0.4,4240
0.4,4241
0.4,4242
0.4,4243
0.4,4244
0.4,4245
0.4,4246
0.4,4247
0.4,4248
0.4,4249
0.4,4250
0.4,4251
0.4,4252
0.4,4253
0.4,4254
0.4,4255
0.4,4256
0.4,4257
0.4,4258
0.4,4259
0.4,4260
0.4,4261
0.4,4262
0.4,4263
0.4,4264
0.4,4265
0.4,4266
0.4,4267
0.4,4268
0.4,4269
0.4,4270
0.4,4271
0.4,4272
0.4,4273
0.4,4274
0.4,4275
0.4,4276
0.4,4277
0.4,4278
0.4,4279
0.4,4280
0.4,4281
0.4,4282
0.4,4283
0.4,4284
0.4,4285
0.4,4286
0.4,4287
0.4,4288
0.4,4289
0.4,4290
0.4,4291
0.4,4292
0.4,4293
0.4,4294
0.4,4295
0.4,4296
0.4,4297
0.4,4298
0.4,4299
0.4,4300
0.4,4301
0.4,4302
0.4,4303
0.4,4304
0.4,4305
0.4,4306
0.4,4307
0.4,4308
0.4,4309
0.4,4310
0.4,4311
0.4,4312
0.4,4313
0.4,4314
0.4,4315
0.4,4316
0.4,4317
0.4,4318
0.4,4319
0.4,4320
0.4,4321
0.4,4322
0.4,4323
0.4,4324
0.4,4325
0.4,4326
0.4,4327
0.4,4328
0.4,4329
0.4,4330
0.4,4331
0.4,4332
0.4,4333
0.4,4334
0.4,4335
0.4,4336
0.4,4337
0.4,4338
0.4,4339
0.4,4340
0.4,4341
0.4,4342
0.4,4343
0.4,4344
0.4,4345
0.4,4346
0.4,4347
0.4,4348
0.4,4349
0.4,4350
0.4,4351
0.4,4352
0.4,4353
0.4,4354
0.4,4355
0.4,4356
0.4,4357
0.4,4358
0.4,4359
0.4,4360
0.4,4361
0.4,4362
0.4,4363
0.4,4364
0.4,4365
0.4,4366
0.4,4367
0.4,4368
0.4,4369
0.4,4370
0.4,4371
0.4,4372
0.4,4373
0.4,4374
0.4,4375
0.4,4376
0.4,4377
0.4,4378
0.4,4379
0.4,4380
0.4,4381
0.4,4382
0.4,4383
0.4,4384
0.4,4385
0.4,4386
0.4,4387
0.4,4388
0.4,4389
0.4,4390
0.4,4391
0.4,4392
0.4,4393
0.4,4394
0.4,4395
0.4,4396
0.4,4397
0.4,4398
0.4,4399
0.4,4400
0.4,4401
0.4,4402
0.4,4403
0.4,4404
0.4,4405
0.4,4406
0.4,4407
0.4,4408
0.4,4409
0.4,4410
0.4,4411
0.4,4412
0.4,4413
0.4,4414
0.4,4415
0.4,4416
0.4,4417
0.4,4418
0.4,4419
0.4,4420
0.4,4421
0.4,4422
0.4,4423
0.4,4424
0.4,4425
0.4,4426
0.4,4427
0.4,4428
0.4,4429
0.4,4430
0.4,4431
0.4,4432
0.4,4433
0.4,4434
0.4,4435
0.4,4436
0.4,4437
0.4,4438
0.4,4439
0.4,4440
0.4,4441
0.4,4442
0.4,4443
0.4,4444
0.4,4445
0.4,4446
0.4,4447
0.4,4448
0.4,4449
0.4,4450
0.4,4451
0.4,4452
0.4,4453
0.4,4454
0.4,4455
0.4,4456
0.4,4457
0.4,4458
0.4,4459
0.4,4460
0.4,4461
0.4,4462
0.4,4463
0.4,4464
0.4,4465
0.4,4466
0.4,4467
0.4,4468
0.4,4469
0.4,4470
0.4,4471
0.4,4472
0.4,4473
0.4,4474
0.4,4475
0.4,4476
0.4,4477
0.4,4478
0.4,4479
0.4,4480
0.4,4481
0.4,4482
0.4,4483
0.4,4484
0.4,4485
0.4,4486
0.4,4487
0.4,4488
0.4,4489
0.4,4490
0.4,4491
0.4,4492
0.4,4493
0.4,4494
0.4,4495
0.4,4496
0.4,4497
0.4,4498
0.4,4499
0.4,4500
0.4,4501
0.4,4502
0.4,4503
0.4,4504
0.4,4505
0.4,4506
0.4,4507
0.4,4508
0.4,4509
0.4,4510
0.4,4511
0.4,4512
0.4,4513
0.4,4514
0.4,4515
0.4,4516
0.4,4517
0.4,4518
0.4,4519
0.4,4520
0.4,4521
0.4,4522
0.4,4523
0.4,4524
0.4,4525
0.4,4526
0.4,4527
0.4,4528
0.4,4529
0.4,4530
0.4,4531
0.4,4532
0.4,4533
0.4,4534
0.4,4535
0.4,4536
0.4,4537
0.4,4538
0.4,4539
0.4,4540
0.4,4541
0.4,4542
0.4,4543
0.4,4544
0.4,4545
0.4,4546
0.4,4547
0.4,4548
0.4,4549
0.4,4550
0.4,4551
0.4,4552
0.4,4553
0.4,4554
0.4,4555
0.4,4556
0.4,4557
0.4,4558
0.4,4559
0.4,4560
0.4,4561
0.4,4562
0.4,4563
0.4,4564
0.4,4565
0.4,4566
0.4,4567
0.4,4568
0.4,4569
0.4,4570
0.4,4571
0.4,4572
0.4,4573
0.4,4574
0.4,4575
0.4,4576
0.4,4577
0.4,4578
0.4,4579
0.4,4580
0.4,4581
0.4,4582
0.4,4583
0.4,4584
0.4,4585
0.4,4586
0.4,4587
0.4,4588
0.4,4589
0.4,4590
0.4,4591
0.4,4592
0.4,4593
0.4,4594
0.4,4595
0.4,4596
0.4,4597
0.4,4598
0.4,4599
0.4,4600
0.4,4601
0.4,4602
0.4,4603
0.4,4604
0.4,4605
0.4,4606
0.4,4607
0.4,4608
0.4,4609
0.4,4610
0.4,4611
0.4,4612
0.4,4613
0.4,4614
0.4,4615
0.4,4616
0.4,4617
0.4,4618
0.4,4619
0.4,4620
0.4,4621
0.4,4622
0.4,4623
0.4,4624
0.4,4625
0.4,4626
0.4,4627
0.4,4628
0.4,4629
0.4,4630
0.4,4631
0.4,4632
0.4,4633
0.4,4634
0.4,4635
0.4,4636
0.4,4637
0.4,4638
0.4,4639
0.4,4640
0.4,4641
0.4,4642
0.4,4643
0.4,4644
0.4,4645
0.4,4646
0.4,4647
0.4,4648
0.4,4649
0.4,4650
0.4,4651
0.4,4652
0.4,4653
0.4,4654
0.4,4655
0.4,4656
0.4,4657
0.4,4658
0.4,4659
0.4,4660
0.4,4661
0.4,4662
0.4,4663
0.4,4664
0.4,4665
0.4,4666
0.4,4667
0.4,4668
0.4,4669
0.4,4670
0.4,4671
0.4,4672
0.4,4673
0.4,4674
0.4,4675
0.4,4676
0.4,4677
0.4,4678
0.4,4679
0.4,4680
0.4,4681
0.4,4682
0.4,4683
0.4,4684
0.4,4685
0.4,4686
0.4,4687
0.4,4688
0.4,4689
0.4,4690
0.4,4691
0.4,4692
0.4,4693
0.4,4694
0.4,4695
0.4,4696
0.4,4697
0.4,4698
0.4,4699
0.4,4700
0.4,4701
0.4,4702
0.4,4703
0.4,4704
0.4,4705
0.4,4706
0.4,4707
0.4,4708
0.4,4709
0.4,4710
0.4,4711
0.4,4712
0.4,4713
0.4,4714
0.4,4715
0.4,4716
0.4,4717
0.4,4718
0.4,4719
0.4,4720
0.4,4721
0.4,4722
0.4,4723
0.4,4724
0.4,4725
0.4,4726
0.4,4727
0.4,4728
0.4,4729
0.4,4730
0.4,4731
0.4,4732
0.4,4733
0.4,4734
0.4,4735
0.4,4736
0.4,4737
0.4,4738
0.4,4739
0.4,4740
0.4,4741
0.4,4742
0.4,4743
0.4,4744
0.4,4745
0.4,4746
0.4,4747
0.4,4748
0.4,4749
0.4,4750
0.4,4751
0.4,4752
0.4,4753
0.4,4754
0.4,4755
0.4,4756
0.4,4757
0.4,4758
0.4,4759
0.4,4760
0.4,4761
0.4,4762
0.4,4763
0.4,4764
0.4,4765
0.4,4766
0.4,4767
0.4,4768
0.4,4769
0.4,4770
0.4,4771
0.4,4772
0.4,4773
0.4,4774
0.4,4775
0.4,4776
0.4,4777
0.4,4778
0.4,4779
0.4,4780
0.4,4781
0.4,4782
0.4,4783
0.4,4784
0.4,4785
0.4,4786
0.4,4787
0.4,4788
0.4,4789
0.4,4790
0.4,4791
0.4,4792
0.4,4793
0.4,4794
0.4,4795
0.4,4796
0.4,4797
0.4,4798
0.4,4799
0.4,4800
0.4,4801
0.4,4802
0.4,4803
0.4,4804
0.4,4805
0.4,4806
0.4,4807
0.4,4808
0.4,4809
0.4,4810
0.4,4811
0.4,4812
0.4,4813
0.4,4814
0.4,4815
0.4,4816
0.4,4817
0.4,4818
0.4,4819
0.4,4820
0.4,4821
0.4,4822
0.4,4823
0.4,4824
0.4,4825
0.4,4826
0.4,4827
0.4,4828
0.4,4829
0.4,4830
0.4,4831
0.4,4832
0.4,4833
0.4,4834
0.4,4835
0.4,4836
0.4,4837
0.4,4838
0.4,4839
0.4,4840
0.4,4841
0.4,4842
0.4,4843
0.4,4844
0.4,4845
0.4,4846
0.4,4847
0.4,4848
0.4,4849
0.4,4850
0.4,4851
0.4,4852
0.4,4853
0.4,4854
0.4,4855
0.4,4856
0.4,4857
0.4,4858
0.4,4859
0.4,4860
0.4,4861
0.4,4862
0.4,4863
0.4,4864
0.4,4865
0.4,4866
0.4,4867
0.4,4868
0.4,4869
0.4,4870
0.4,4871
0.4,4872
0.4,4873
0.4,4874
0.4,4875
0.4,4876
0.4,4877
0.4,4878
0.4,4879
0.4,4880
0.4,4881
0.4,4882
0.4,4883
0.4,4884
0.4,4885
0.4,4886
0.4,4887
0.4,4888
0.4,4889
0.4,4890
0.4,4891
0.4,4892
0.4,4893
0.4,4894
0.4,4895
0.4,4896
0.4,4897
0.4,4898
0.4,4899
0.4,4900
0.4,4901
0.4,4902
0.4,4903
0.4,4904
0.4,4905
0.4,4906
0.4,4907
0.4,4908
0.4,4909
0.4,4910
0.4,4911
0.4,4912
0.4,4913
0.4,4914
0.4,4915
0.4,4916
0.4,4917
0.4,4918
0.4,4919
0.4,4920
0.4,4921
0.4,4922
0.4,4923
0.4,4924
0.4,4925
0.4,4926
0.4,4927
0.4,4928
0.4,4929
0.4,4930
0.4,4931
0.4,4932
0.4,4933
0.4,4934
0.4,4935
0.4,4936
0.4,4937
0.4,4938
0.4,4939
0.4,4940
0.4,4941
0.4,4942
0.4,4943
0.4,4944
0.4,4945
0.4,4946
0.4,4947
0.4,4948
0.4,4949
0.4,4950
0.4,4951
0.4,4952
0.4,4953
0.4,4954
0.4,4955
0.4,4956
0.4,4957
0.4,4958
0.4,4959
0.4,4960
0.4,4961
0.4,4962
0.4,4963
0.4,4964
0.4,4965
0.4,4966
0.4,4967
0.4,4968
0.4,4969
0.4,4970
0.4,4971
0.4,4972
0.4,4973
0.4,4974
0.4,4975
0.4,4976
0.4,4977
0.4,4978
0.4,4979
0.4,4980
0.4,4981
0.4,4982
0.4,4983
0.4,4984
0.4,4985
0.4,4986
0.4,4987
0.4,4988
0.4,4989
0.4,4990
0.4,4991
0.4,4992
0.4,4993
0.4,4994
0.4,4995
0.4,4996
0.4,4997
0.4,4998
0.4,4999
0.4,5000
0.45,5001
0.45,5002
0.45,5003
0.45,5004
0.45,5005
0.45,5006
0.45,5007
0.45,5008
0.45,5009
0.45,5010
0.45,5011
0.45,5012
0.45,5013
0.45,5014
0.45,5015
0.45,5016
0.45,5017
0.45,5018
0.45,5019
0.45,5020
0.45,5021
0.45,5022
0.45,5023
0.45,5024
0.45,5025
0.45,5026
0.45,5027
0.45,5028
0.45,5029
0.45,5030
0.45,5031
0.45,5032
0.45,5033
0.45,5034
0.45,5035
0.45,5036
0.45,5037
0.45,5038
0.45,5039
0.45,5040
0.45,5041
0.45,5042
0.45,5043
0.45,5044
0.45,5045
0.45,5046
0.45,5047
0.45,5048
0.45,5049
0.45,5050
0.45,5051
0.45,5052
0.45,5053
0.45,5054
0.45,5055
0.45,5056
0.45,5057
0.45,5058
0.45,5059
0.45,5060
0.45,5061
0.45,5062
0.45,5063
0.45,5064
0.45,5065
0.45,5066
0.45,5067
0.45,5068
0.45,5069
0.45,5070
0.45,5071
0.45,5072
0.45,5073
0.45,5074
0.45,5075
0.45,5076
0.45,5077
0.45,5078
0.45,5079
0.45,5080
0.45,5081
0.45,5082
0.45,5083
0.45,5084
0.45,5085
0.45,5086
0.45,5087
0.45,5088
0.45,5089
0.45,5090
0.45,5091
0.45,5092
0.45,5093
0.45,5094
0.45,5095
0.45,5096
0.45,5097
0.45,5098
0.45,5099
0.45,5100
0.45,5101
0.45,5102
0.45,5103
0.45,5104
0.45,5105
0.45,5106
0.45,5107
0.45,5108
0.45,5109
0.45,5110
0.45,5111
0.45,5112
0.45,5113
0.45,5114
0.45,5115
0.45,5116
0.45,5117
0.45,5118
0.45,5119
0.45,5120
0.45,5121
0.45,5122
0.45,5123
0.45,5124
0.45,5125
0.45,5126
0.45,5127
0.45,5128
0.45,5129
0.45,5130
0.45,5131
0.45,5132
0.45,5133
0.45,5134
0.45,5135
0.45,5136
0.45,5137
0.45,5138
0.45,5139
0.45,5140
0.45,5141
0.45,5142
0.45,5143
0.45,5144
0.45,5145
0.45,5146
0.45,5147
0.45,5148
0.45,5149
0.45,5150
0.45,5151
0.45,5152
0.45,5153
0.45,5154
0.45,5155
0.45,5156
0.45,5157
0.45,5158
0.45,5159
0.45,5160
0.45,5161
0.45,5162
0.45,5163
0.45,5164
0.45,5165
0.45,5166
0.45,5167
0.45,5168
0.45,5169
0.45,5170
0.45,5171
0.45,5172
0.45,5173
0.45,5174
0.45,5175
0.45,5176
0.45,5177
0.45,5178
0.45,5179
0.45,5180
0.45,5181
0.45,5182
0.45,5183
0.45,5184
0.45,5185
0.45,5186
0.45,5187
0.45,5188
0.45,5189
0.45,5190
0.45,5191
0.45,5192
0.45,5193
0.45,5194
0.45,5195
0.45,5196
0.45,5197
0.45,5198
0.45,5199
0.45,5200
0.45,5201
0.45,5202
0.45,5203
0.45,5204
0.45,5205
0.45,5206
0.45,5207
0.45,5208
0.45,5209
0.45,5210
0.45,5211
0.45,5212
0.45,5213
0.45,5214
0.45,5215
0.45,5216
0.45,5217
0.45,5218
0.45,5219
0.45,5220
0.45,5221
0.45,5222
0.45,5223
0.45,5224
0.45,5225
0.45,5226
0.45,5227
0.45,5228
0.45,5229
0.45,5230
0.45,5231
0.45,5232
0.45,5233
0.45,5234
0.45,5235
0.45,5236
0.45,5237
0.45,5238
0.45,5239
0.45,5240
0.45,5241
0.45,5242
0.45,5243
0.45,5244
0.45,5245
0.45,5246
0.45,5247
0.45,5248
0.45,5249
0.45,5250
0.45,5251
0.45,5252
0.45,5253
0.45,5254
0.45,5255
0.45,5256
0.45,5257
0.45,5258
0.45,5259
0.45,5260
0.45,5261
0.45,5262
0.45,5263
0.45,5264
0.45,5265
0.45,5266
0.45,5267
0.45,5268
0.45,5269
0.45,5270
0.45,5271
0.45,5272
0.45,5273
0.45,5274
0.45,5275
0.45,5276
0.45,5277
0.45,5278
0.45,5279
0.45,5280
0.45,5281
0.45,5282
0.45,5283
0.45,5284
0.45,5285
0.45,5286
0.45,5287
0.45,5288
0.45,5289
0.45,5290
0.45,5291
0.45,5292
0.45,5293
0.45,5294
0.45,5295
0.45,5296
0.45,5297
0.45,5298
0.45,5299
0.45,5300
0.45,5301
0.45,5302
0.45,5303
0.45,5304
0.45,5305
0.45,5306
0.45,5307
0.45,5308
0.45,5309
0.45,5310
0.45,5311
0.45,5312
0.45,5313
0.45,5314
0.45,5315
0.45,5316
0.45,5317
0.45,5318
0.45,5319
0.45,5320
0.45,5321
0.45,5322
0.45,5323
0.45,5324
0.45,5325
0.45,5326
0.45,5327
0.45,5328
0.45,5329
0.45,5330
0.45,5331
0.45,5332
0.45,5333
0.45,5334
0.45,5335
0.45,5336
0.45,5337
0.45,5338
0.45,5339
0.45,5340
0.45,5341
0.45,5342
0.45,5343
0.45,5344
0.45,5345
0.45,5346
0.45,5347
0.45,5348
0.45,5349
0.45,5350
0.45,5351
0.45,5352
0.45,5353
0.45,5354
0.45,5355
0.45,5356
0.45,5357
0.45,5358
0.45,5359
0.45,5360
0.45,5361
0.45,5362
0.45,5363
0.45,5364
0.45,5365
0.45,5366
0.45,5367
0.45,5368
0.45,5369
0.45,5370
0.45,5371
0.45,5372
0.45,5373
0.45,5374
0.45,5375
0.45,5376
0.45,5377
0.45,5378
0.45,5379
0.45,5380
0.45,5381
0.45,5382
0.45,5383
0.45,5384
0.45,5385
0.45,5386
0.45,5387
0.45,5388
0.45,5389
0.45,5390
0.45,5391
0.45,5392
0.45,5393
0.45,5394
0.45,5395
0.45,5396
0.45,5397
0.45,5398
0.45,5399
0.45,5400
0.45,5401
0.45,5402
0.45,5403
0.45,5404
0.45,5405
0.45,5406
0.45,5407
0.45,5408
0.45,5409
0.45,5410
0.45,5411
0.45,5412
0.45,5413
0.45,5414
0.45,5415
0.45,5416
0.45,5417
0.45,5418
0.45,5419
0.45,5420
0.45,5421
0.45,5422
0.45,5423
0.45,5424
0.45,5425
0.45,5426
0.45,5427
0.45,5428
0.45,5429
0.45,5430
0.45,5431
0.45,5432
0.45,5433
0.45,5434
0.45,5435
0.45,5436
0.45,5437
0.45,5438
0.45,5439
0.45,5440
0.45,5441
0.45,5442
0.45,5443
0.45,5444
0.45,5445
0.45,5446
0.45,5447
0.45,5448
0.45,5449
0.45,5450
0.45,5451
0.45,5452
0.45,5453
0.45,5454
0.45,5455
0.45,5456
0.45,5457
0.45,5458
0.45,5459
0.45,5460
0.45,5461
0.45,5462
0.45,5463
0.45,5464
0.45,5465
0.45,5466
0.45,5467
0.45,5468
0.45,5469
0.45,5470
0.45,5471
0.45,5472
0.45,5473
0.45,5474
0.45,5475
0.45,5476
0.45,5477
0.45,5478
0.45,5479
0.45,5480
0.45,5481
0.45,5482
0.45,5483
0.45,5484
0.45,5485
0.45,5486
0.45,5487
0.45,5488
0.45,5489
0.45,5490
0.45,5491
0.45,5492
0.45,5493
0.45,5494
0.45,5495
0.45,5496
0.45,5497
0.45,5498
0.45,5499
0.45,5500
0.45,5501
0.45,5502
0.45,5503
0.45,5504
0.45,5505
0.45,5506
0.45,5507
0.45,5508
0.45,5509
0.45,5510
0.45,5511
0.45,5512
0.45,5513
0.45,5514
0.45,5515
0.45,5516
0.45,5517
0.45,5518
0.45,5519
0.45,5520
0.45,5521
0.45,5522
0.45,5523
0.45,5524
0.45,5525
0.45,5526
0.45,5527
0.45,5528
0.45,5529
0.45,5530
0.45,5531
0.45,5532
0.45,5533
0.45,5534
0.45,5535
0.45,5536
0.45,5537
0.45,5538
0.45,5539
0.45,5540
0.45,5541
0.45,5542
0.45,5543
0.45,5544
0.45,5545
0.45,5546
0.45,5547
0.45,5548
0.45,5549
0.45,5550
0.45,5551
0.45,5552
0.45,5553
0.45,5554
0.45,5555
0.45,5556
0.45,5557
0.45,5558
0.45,5559
0.45,5560
0.45,5561
0.45,5562
0.45,5563
0.45,5564
0.45,5565
0.45,5566
0.45,5567
0.45,5568
0.45,5569
0.45,5570
0.45,5571
0.45,5572
0.45,5573
0.45,5574
0.45,5575
0.45,5576
0.45,5577
0.45,5578
0.45,5579
0.45,5580
0.45,5581
0.45,5582
0.45,5583
0.45,5584
0.45,5585
0.45,5586
0.45,5587
0.45,5588
0.45,5589
0.45,5590
0.45,5591
0.45,5592
0.45,5593
0.45,5594
0.45,5595
0.45,5596
0.45,5597
0.45,5598
0.45,5599
0.45,5600
0.45,5601
0.45,5602
0.45,5603
0.45,5604
0.45,5605
0.45,5606
0.45,5607
0.45,5608
0.45,5609
0.45,5610
0.45,5611
0.45,5612
0.45,5613
0.45,5614
0.45,5615
0.45,5616
0.45,5617
0.45,5618
0.45,5619
0.45,5620
0.45,5621
0.45,5622
0.45,5623
0.45,5624
0.45,5625
0.45,5626
0.45,5627
0.45,5628
0.45,5629
0.45,5630
0.45,5631
0.45,5632
0.45,5633
0.45,5634
0.45,5635
0.45,5636
0.45,5637
0.45,5638
0.45,5639
0.45,5640
0.45,5641
0.45,5642
0.45,5643
0.45,5644
0.45,5645
0.45,5646
0.45,5647
0.45,5648
0.45,5649
0.45,5650
0.45,5651
0.45,5652
0.45,5653
0.45,5654
0.45,5655
0.45,5656
0.45,5657
0.45,5658
0.45,5659
0.45,5660
0.45,5661
0.45,5662
0.45,5663
0.45,5664
0.45,5665
0.45,5666
0.45,5667
0.45,5668
0.45,5669
0.45,5670
0.45,5671
0.45,5672
0.45,5673
0.45,5674
0.45,5675
0.45,5676
0.45,5677
0.45,5678
0.45,5679
0.45,5680
0.45,5681
0.45,5682
0.45,5683
0.45,5684
0.45,5685
0.45,5686
0.45,5687
0.45,5688
0.45,5689
0.45,5690
0.45,5691
0.45,5692
0.45,5693
0.45,5694
0.45,5695
0.45,5696
0.45,5697
0.45,5698
0.45,5699
0.45,5700
0.45,5701
0.45,5702
0.45,5703
0.45,5704
0.45,5705
0.45,5706
0.45,5707
0.45,5708
0.45,5709
0.45,5710
0.45,5711
0.45,5712
0.45,5713
0.45,5714
0.45,5715
0.45,5716
0.45,5717
0.45,5718
0.45,5719
0.45,5720
0.45,5721
0.45,5722
0.45,5723
0.45,5724
0.45,5725
0.45,5726
0.45,5727
0.45,5728
0.45,5729
0.45,5730
0.45,5731
0.45,5732
0.45,5733
0.45,5734
0.45,5735
0.45,5736
0.45,5737
0.45,5738
0.45,5739
0.45,5740
0.45,5741
0.45,5742
0.45,5743
0.45,5744
0.45,5745
0.45,5746
0.45,5747
0.45,5748
0.45,5749
0.45,5750
0.45,5751
0.45,5752
0.45,5753
0.45,5754
0.45,5755
0.45,5756
0.45,5757
0.45,5758
0.45,5759
0.45,5760
0.45,5761
0.45,5762
0.45,5763
0.45,5764
0.45,5765
0.45,5766
0.45,5767
0.45,5768
0.45,5769
0.45,5770
0.45,5771
0.45,5772
0.45,5773
0.45,5774
0.45,5775
0.45,5776
0.45,5777
0.45,5778
0.45,5779
0.45,5780
0.45,5781
0.45,5782
0.45,5783
0.45,5784
0.45,5785
0.45,5786
0.45,5787
0.45,5788
0.45,5789
0.45,5790
0.45,5791
0.45,5792
0.45,5793
0.45,5794
0.45,5795
0.45,5796
0.45,5797
0.45,5798
0.45,5799
0.45,5800
0.45,5801
0.45,5802
0.45,5803
0.45,5804
0.45,5805
0.45,5806
0.45,5807
0.45,5808
0.45,5809
0.45,5810
0.45,5811
0.45,5812
0.45,5813
0.45,5814
0.45,5815
0.45,5816
0.45,5817
0.45,5818
0.45,5819
0.45,5820
0.45,5821
0.45,5822
0.45,5823
0.45,5824
0.45,5825
0.45,5826
0.45,5827
0.45,5828
0.45,5829
0.45,5830
0.45,5831
0.45,5832
0.45,5833
0.45,5834
0.45,5835
0.45,5836
0.45,5837
0.45,5838
0.45,5839
0.45,5840
0.45,5841
0.45,5842
0.45,5843
0.45,5844
0.45,5845
0.45,5846
0.45,5847
0.45,5848
0.45,5849
0.45,5850
0.45,5851
0.45,5852
0.45,5853
0.45,5854
0.45,5855
0.45,5856
0.45,5857
0.45,5858
0.45,5859
0.45,5860
0.45,5861
0.45,5862
0.45,5863
0.45,5864
0.45,5865
0.45,5866
0.45,5867
0.45,5868
0.45,5869
0.45,5870
0.45,5871
0.45,5872
0.45,5873
0.45,5874
0.45,5875
0.45,5876
0.45,5877
0.45,5878
0.45,5879
0.45,5880
0.45,5881
0.45,5882
0.45,5883
0.45,5884
0.45,5885
0.45,5886
0.45,5887
0.45,5888
0.45,5889
0.45,5890
0.45,5891
0.45,5892
0.45,5893
0.45,5894
0.45,5895
0.45,5896
0.45,5897
0.45,5898
0.45,5899
0.45,5900
0.45,5901
0.45,5902
0.45,5903
0.45,5904
0.45,5905
0.45,5906
0.45,5907
0.45,5908
0.45,5909
0.45,5910
0.45,5911
0.45,5912
0.45,5913
0.45,5914
0.45,5915
0.45,5916
0.45,5917
0.45,5918
0.45,5919
0.45,5920
0.45,5921
0.45,5922
0.45,5923
0.45,5924
0.45,5925
0.45,5926
0.45,5927
0.45,5928
0.45,5929
0.45,5930
0.45,5931
0.45,5932
0.45,5933
0.45,5934
0.45,5935
0.45,5936
0.45,5937
0.45,5938
0.45,5939
0.45,5940
0.45,5941
0.45,5942
0.45,5943
0.45,5944
0.45,5945
0.45,5946
0.45,5947
0.45,5948
0.45,5949
0.45,5950
0.45,5951
0.45,5952
0.45,5953
0.45,5954
0.45,5955
0.45,5956
0.45,5957
0.45,5958
0.45,5959
0.45,5960
0.45,5961
0.45,5962
0.45,5963
0.45,5964
0.45,5965
0.45,5966
0.45,5967
0.45,5968
0.45,5969
0.45,5970
0.45,5971
0.45,5972
0.45,5973
0.45,5974
0.45,5975
0.45,5976
0.45,5977
0.45,5978
0.45,5979
0.45,5980
0.45,5981
0.45,5982
0.45,5983
0.45,5984
0.45,5985
0.45,5986
0.45,5987
0.45,5988
0.45,5989
0.45,5990
0.45,5991
0.45,5992
0.45,5993
0.45,5994
0.45,5995
0.45,5996
0.45,5997
0.45,5998
0.45,5999
0.45,6000
0.5,6001
0.5,6002
0.5,6003
0.5,6004
0.5,6005
0.5,6006
0.5,6007
0.5,6008
0.5,6009
0.5,6010
0.5,6011
0.5,6012
0.5,6013
0.5,6014
0.5,6015
0.5,6016
0.5,6017
0.5,6018
0.5,6019
0.5,6020
0.5,6021
0.5,6022
0.5,6023
0.5,6024
0.5,6025
0.5,6026
0.5,6027
0.5,6028
0.5,6029
0.5,6030
0.5,6031
0.5,6032
0.5,6033
0.5,6034
0.5,6035
0.5,6036
0.5,6037
0.5,6038
0.5,6039
0.5,6040
0.5,6041
0.5,6042
0.5,6043
0.5,6044
0.5,6045
0.5,6046
0.5,6047
0.5,6048
0.5,6049
0.5,6050
0.5,6051
0.5,6052
0.5,6053
0.5,6054
0.5,6055
0.5,6056
0.5,6057
0.5,6058
0.5,6059
0.5,6060
0.5,6061
0.5,6062
0.5,6063
0.5,6064
0.5,6065
0.5,6066
0.5,6067
0.5,6068
0.5,6069
0.5,6070
0.5,6071
0.5,6072
0.5,6073
0.5,6074
0.5,6075
0.5,6076
0.5,6077
0.5,6078
0.5,6079
0.5,6080
0.5,6081
0.5,6082
0.5,6083
0.5,6084
0.5,6085
0.5,6086
0.5,6087
0.5,6088
0.5,6089
0.5,6090
0.5,6091
0.5,6092
0.5,6093
0.5,6094
0.5,6095
0.5,6096
0.5,6097
0.5,6098
0.5,6099
0.5,6100
0.5,6101
0.5,6102
0.5,6103
0.5,6104
0.5,6105
0.5,6106
0.5,6107
0.5,6108
0.5,6109
0.5,6110
0.5,6111
0.5,6112
0.5,6113
0.5,6114
0.5,6115
0.5,6116
0.5,6117
0.5,6118
0.5,6119
0.5,6120
0.5,6121
0.5,6122
0.5,6123
0.5,6124
0.5,6125
0.5,6126
0.5,6127
0.5,6128
0.5,6129
0.5,6130
0.5,6131
0.5,6132
0.5,6133
0.5,6134
0.5,6135
0.5,6136
0.5,6137
0.5,6138
0.5,6139
0.5,6140
0.5,6141
0.5,6142
0.5,6143
0.5,6144
0.5,6145
0.5,6146
0.5,6147
0.5,6148
0.5,6149
0.5,6150
0.5,6151
0.5,6152
0.5,6153
0.5,6154
0.5,6155
0.5,6156
0.5,6157
0.5,6158
0.5,6159
0.5,6160
0.5,6161
0.5,6162
0.5,6163
0.5,6164
0.5,6165
0.5,6166
0.5,6167
0.5,6168
0.5,6169
0.5,6170
0.5,6171
0.5,6172
0.5,6173
0.5,6174
0.5,6175
0.5,6176
0.5,6177
0.5,6178
0.5,6179
0.5,6180
0.5,6181
0.5,6182
0.5,6183
0.5,6184
0.5,6185
0.5,6186
0.5,6187
0.5,6188
0.5,6189
0.5,6190
0.5,6191
0.5,6192
0.5,6193
0.5,6194
0.5,6195
0.5,6196
0.5,6197
0.5,6198
0.5,6199
0.5,6200
0.5,6201
0.5,6202
0.5,6203
0.5,6204
0.5,6205
0.5,6206
0.5,6207
0.5,6208
0.5,6209
0.5,6210
0.5,6211
0.5,6212
0.5,6213
0.5,6214
0.5,6215
0.5,6216
0.5,6217
0.5,6218
0.5,6219
0.5,6220
0.5,6221
0.5,6222
0.5,6223
0.5,6224
0.5,6225
0.5,6226
0.5,6227
0.5,6228
0.5,6229
0.5,6230
0.5,6231
0.5,6232
0.5,6233
0.5,6234
0.5,6235
0.5,6236
0.5,6237
0.5,6238
0.5,6239
0.5,6240
0.5,6241
0.5,6242
0.5,6243
0.5,6244
0.5,6245
0.5,6246
0.5,6247
0.5,6248
0.5,6249
0.5,6250
0.5,6251
0.5,6252
0.5,6253
0.5,6254
0.5,6255
0.5,6256
0.5,6257
0.5,6258
0.5,6259
0.5,6260
0.5,6261
0.5,6262
0.5,6263
0.5,6264
0.5,6265
0.5,6266
0.5,6267
0.5,6268
0.5,6269
0.5,6270
0.5,6271
0.5,6272
0.5,6273
0.5,6274
0.5,6275
0.5,6276
0.5,6277
0.5,6278
0.5,6279
0.5,6280
0.5,6281
0.5,6282
0.5,6283
0.5,6284
0.5,6285
0.5,6286
0.5,6287
0.5,6288
0.5,6289
0.5,6290
0.5,6291
0.5,6292
0.5,6293
0.5,6294
0.5,6295
0.5,6296
0.5,6297
0.5,6298
0.5,6299
0.5,6300
0.5,6301
0.5,6302
0.5,6303
0.5,6304
0.5,6305
0.5,6306
0.5,6307
0.5,6308
0.5,6309
0.5,6310
0.5,6311
0.5,6312
0.5,6313
0.5,6314
0.5,6315
0.5,6316
0.5,6317
0.5,6318
0.5,6319
0.5,6320
0.5,6321
0.5,6322
0.5,6323
0.5,6324
0.5,6325
0.5,6326
0.5,6327
0.5,6328
0.5,6329
0.5,6330
0.5,6331
0.5,6332
0.5,6333
0.5,6334
0.5,6335
0.5,6336
0.5,6337
0.5,6338
0.5,6339
0.5,6340
0.5,6341
0.5,6342
0.5,6343
0.5,6344
0.5,6345
0.5,6346
0.5,6347
0.5,6348
0.5,6349
0.5,6350
0.5,6351
0.5,6352
0.5,6353
0.5,6354
0.5,6355
0.5,6356
0.5,6357
0.5,6358
0.5,6359
0.5,6360
0.5,6361
0.5,6362
0.5,6363
0.5,6364
0.5,6365
0.5,6366
0.5,6367
0.5,6368
0.5,6369
0.5,6370
0.5,6371
0.5,6372
0.5,6373
0.5,6374
0.5,6375
0.5,6376
0.5,6377
0.5,6378
0.5,6379
0.5,6380
0.5,6381
0.5,6382
0.5,6383
0.5,6384
0.5,6385
0.5,6386
0.5,6387
0.5,6388
0.5,6389
0.5,6390
0.5,6391
0.5,6392
0.5,6393
0.5,6394
0.5,6395
0.5,6396
0.5,6397
0.5,6398
0.5,6399
0.5,6400
0.5,6401
0.5,6402
0.5,6403
0.5,6404
0.5,6405
0.5,6406
0.5,6407
0.5,6408
0.5,6409
0.5,6410
0.5,6411
0.5,6412
0.5,6413
0.5,6414
0.5,6415
0.5,6416
0.5,6417
0.5,6418
0.5,6419
0.5,6420
0.5,6421
0.5,6422
0.5,6423
0.5,6424
0.5,6425
0.5,6426
0.5,6427
0.5,6428
0.5,6429
0.5,6430
0.5,6431
0.5,6432
0.5,6433
0.5,6434
0.5,6435
0.5,6436
0.5,6437
0.5,6438
0.5,6439
0.5,6440
0.5,6441
0.5,6442
0.5,6443
0.5,6444
0.5,6445
0.5,6446
0.5,6447
0.5,6448
0.5,6449
0.5,6450
0.5,6451
0.5,6452
0.5,6453
0.5,6454
0.5,6455
0.5,6456
0.5,6457
0.5,6458
0.5,6459
0.5,6460
0.5,6461
0.5,6462
0.5,6463
0.5,6464
0.5,6465
0.5,6466
0.5,6467
0.5,6468
0.5,6469
0.5,6470
0.5,6471
0.5,6472
0.5,6473
0.5,6474
0.5,6475
0.5,6476
0.5,6477
0.5,6478
0.5,6479
0.5,6480
0.5,6481
0.5,6482
0.5,6483
0.5,6484
0.5,6485
0.5,6486
0.5,6487
0.5,6488
0.5,6489
0.5,6490
0.5,6491
0.5,6492
0.5,6493
0.5,6494
0.5,6495
0.5,6496
0.5,6497
0.5,6498
0.5,6499
0.5,6500
0.5,6501
0.5,6502
0.5,6503
0.5,6504
0.5,6505
0.5,6506
0.5,6507
0.5,6508
0.5,6509
0.5,6510
0.5,6511
0.5,6512
0.5,6513
0.5,6514
0.5,6515
0.5,6516
0.5,6517
0.5,6518
0.5,6519
0.5,6520
0.5,6521
0.5,6522
0.5,6523
0.5,6524
0.5,6525
0.5,6526
0.5,6527
0.5,6528
0.5,6529
0.5,6530
0.5,6531
0.5,6532
0.5,6533
0.5,6534
0.5,6535
0.5,6536
0.5,6537
0.5,6538
0.5,6539
0.5,6540
0.5,6541
0.5,6542
0.5,6543
0.5,6544
0.5,6545
0.5,6546
0.5,6547
0.5,6548
0.5,6549
0.5,6550
0.5,6551
0.5,6552
0.5,6553
0.5,6554
0.5,6555
0.5,6556
0.5,6557
0.5,6558
0.5,6559
0.5,6560
0.5,6561
0.5,6562
0.5,6563
0.5,6564
0.5,6565
0.5,6566
0.5,6567
0.5,6568
0.5,6569
0.5,6570
0.5,6571
0.5,6572
0.5,6573
0.5,6574
0.5,6575
0.5,6576
0.5,6577
0.5,6578
0.5,6579
0.5,6580
0.5,6581
0.5,6582
0.5,6583
0.5,6584
0.5,6585
0.5,6586
0.5,6587
0.5,6588
0.5,6589
0.5,6590
0.5,6591
0.5,6592
0.5,6593
0.5,6594
0.5,6595
0.5,6596
0.5,6597
0.5,6598
0.5,6599
0.5,6600
0.5,6601
0.5,6602
0.5,6603
0.5,6604
0.5,6605
0.5,6606
0.5,6607
0.5,6608
0.5,6609
0.5,6610
0.5,6611
0.5,6612
0.5,6613
0.5,6614
0.5,6615
0.5,6616
0.5,6617
0.5,6618
0.5,6619
0.5,6620
0.5,6621
0.5,6622
0.5,6623
0.5,6624
0.5,6625
0.5,6626
0.5,6627
0.5,6628
0.5,6629
0.5,6630
0.5,6631
0.5,6632
0.5,6633
0.5,6634
0.5,6635
0.5,6636
0.5,6637
0.5,6638
0.5,6639
0.5,6640
0.5,6641
0.5,6642
0.5,6643
0.5,6644
0.5,6645
0.5,6646
0.5,6647
0.5,6648
0.5,6649
0.5,6650
0.5,6651
0.5,6652
0.5,6653
0.5,6654
0.5,6655
0.5,6656
0.5,6657
0.5,6658
0.5,6659
0.5,6660
0.5,6661
0.5,6662
0.5,6663
0.5,6664
0.5,6665
0.5,6666
0.5,6667
0.5,6668
0.5,6669
0.5,6670
0.5,6671
0.5,6672
0.5,6673
0.5,6674
0.5,6675
0.5,6676
0.5,6677
0.5,6678
0.5,6679
0.5,6680
0.5,6681
0.5,6682
0.5,6683
0.5,6684
0.5,6685
0.5,6686
0.5,6687
0.5,6688
0.5,6689
0.5,6690
0.5,6691
0.5,6692
0.5,6693
0.5,6694
0.5,6695
0.5,6696
0.5,6697
0.5,6698
0.5,6699
0.5,6700
0.5,6701
0.5,6702
0.5,6703
0.5,6704
0.5,6705
0.5,6706
0.5,6707
0.5,6708
0.5,6709
0.5,6710
0.5,6711
0.5,6712
0.5,6713
0.5,6714
0.5,6715
0.5,6716
0.5,6717
0.5,6718
0.5,6719
0.5,6720
0.5,6721
0.5,6722
0.5,6723
0.5,6724
0.5,6725
0.5,6726
0.5,6727
0.5,6728
0.5,6729
0.5,6730
0.5,6731
0.5,6732
0.5,6733
0.5,6734
0.5,6735
0.5,6736
0.5,6737
0.5,6738
0.5,6739
0.5,6740
0.5,6741
0.5,6742
0.5,6743
0.5,6744
0.5,6745
0.5,6746
0.5,6747
0.5,6748
0.5,6749
0.5,6750
0.5,6751
0.5,6752
0.5,6753
0.5,6754
0.5,6755
0.5,6756
0.5,6757
0.5,6758
0.5,6759
0.5,6760
0.5,6761
0.5,6762
0.5,6763
0.5,6764
0.5,6765
0.5,6766
0.5,6767
0.5,6768
0.5,6769
0.5,6770
0.5,6771
0.5,6772
0.5,6773
0.5,6774
0.5,6775
0.5,6776
0.5,6777
0.5,6778
0.5,6779
0.5,6780
0.5,6781
0.5,6782
0.5,6783
0.5,6784
0.5,6785
0.5,6786
0.5,6787
0.5,6788
0.5,6789
0.5,6790
0.5,6791
0.5,6792
0.5,6793
0.5,6794
0.5,6795
0.5,6796
0.5,6797
0.5,6798
0.5,6799
0.5,6800
0.5,6801
0.5,6802
0.5,6803
0.5,6804
0.5,6805
0.5,6806
0.5,6807
0.5,6808
0.5,6809
0.5,6810
0.5,6811
0.5,6812
0.5,6813
0.5,6814
0.5,6815
0.5,6816
0.5,6817
0.5,6818
0.5,6819
0.5,6820
0.5,6821
0.5,6822
0.5,6823
0.5,6824
0.5,6825
0.5,6826
0.5,6827
0.5,6828
0.5,6829
0.5,6830
0.5,6831
0.5,6832
0.5,6833
0.5,6834
0.5,6835
0.5,6836
0.5,6837
0.5,6838
0.5,6839
0.5,6840
0.5,6841
0.5,6842
0.5,6843
0.5,6844
0.5,6845
0.5,6846
0.5,6847
0.5,6848
0.5,6849
0.5,6850
0.5,6851
0.5,6852
0.5,6853
0.5,6854
0.5,6855
0.5,6856
0.5,6857
0.5,6858
0.5,6859
0.5,6860
0.5,6861
0.5,6862
0.5,6863
0.5,6864
0.5,6865
0.5,6866
0.5,6867
0.5,6868
0.5,6869
0.5,6870
0.5,6871
0.5,6872
0.5,6873
0.5,6874
0.5,6875
0.5,6876
0.5,6877
0.5,6878
0.5,6879
0.5,6880
0.5,6881
0.5,6882
0.5,6883
0.5,6884
0.5,6885
0.5,6886
0.5,6887
0.5,6888
0.5,6889
0.5,6890
0.5,6891
0.5,6892
0.5,6893
0.5,6894
0.5,6895
0.5,6896
0.5,6897
0.5,6898
0.5,6899
0.5,6900
0.5,6901
0.5,6902
0.5,6903
0.5,6904
0.5,6905
0.5,6906
0.5,6907
0.5,6908
0.5,6909
0.5,6910
0.5,6911
0.5,6912
0.5,6913
0.5,6914
0.5,6915
0.5,6916
0.5,6917
0.5,6918
0.5,6919
0.5,6920
0.5,6921
0.5,6922
0.5,6923
0.5,6924
0.5,6925
0.5,6926
0.5,6927
0.5,6928
0.5,6929
0.5,6930
0.5,6931
0.5,6932
0.5,6933
0.5,6934
0.5,6935
0.5,6936
0.5,6937
0.5,6938
0.5,6939
0.5,6940
0.5,6941
0.5,6942
0.5,6943
0.5,6944
0.5,6945
0.5,6946
0.5,6947
0.5,6948
0.5,6949
0.5,6950
0.5,6951
0.5,6952
0.5,6953
0.5,6954
0.5,6955
0.5,6956
0.5,6957
0.5,6958
0.5,6959
0.5,6960
0.5,6961
0.5,6962
0.5,6963
0.5,6964
0.5,6965
0.5,6966
0.5,6967
0.5,6968
0.5,6969
0.5,6970
0.5,6971
0.5,6972
0.5,6973
0.5,6974
0.5,6975
0.5,6976
0.5,6977
0.5,6978
0.5,6979
0.5,6980
0.5,6981
0.5,6982
0.5,6983
0.5,6984
0.5,6985
0.5,6986
0.5,6987
0.5,6988
0.5,6989
0.5,6990
0.5,6991
0.5,6992
0.5,6993
0.5,6994
0.5,6995
0.5,6996
0.5,6997
0.5,6998
0.5,6999
0.5,7000
